id,first_name,last_name,email,yearly_income,credit-score
1,Dexter,Blindermann,dblindermann0@php.net,153321,685
2,Bambie,Million,bmillion1@dyndns.org,371656,972
3,Goddard,Jobin,gjobin2@soundcloud.com,485200,733
4,Jeanine,Castellone,jcastellone3@yahoo.co.jp,140404,211
5,Misha,Le Leu,mleleu4@google.ru,293786,213
6,Nobie,Paszak,npaszak5@nyu.edu,936005,553
7,Valli,Pylkynyton,vpylkynyton6@biblegateway.com,633758,147
8,Melissa,Strothers,mstrothers7@engadget.com,931090,537
9,Si,Guillford,sguillford8@statcounter.com,384448,106
10,Karl,Eck,keck9@eventbrite.com,396864,296
11,Flss,Kildale,fkildalea@nbcnews.com,977793,104
12,Missie,Pietranek,mpietranekb@google.es,314899,139
13,Layton,Shawcroft,lshawcroftc@live.com,661589,580
14,Vin,Andriveau,vandriveaud@example.com,725950,367
15,Temple,Crowne,tcrownee@google.es,23819,754
16,Giff,Brownscombe,gbrownscombef@fotki.com,993904,223
17,Mignonne,Riediger,mriedigerg@senate.gov,989810,442
18,Krishnah,Beaver,kbeaverh@technorati.com,458580,324
19,Monte,January 1st,mjanuarysti@springer.com,682403,600
20,Cam,Francomb,cfrancombj@unblog.fr,308614,704
21,Saundra,Thorius,sthoriusk@i2i.jp,78140,676
22,Kath,Covet,kcovetl@latimes.com,654913,229
23,Augustine,Roberto,arobertom@google.es,537261,865
24,Jedd,Francombe,jfrancomben@tumblr.com,87473,635
25,Allys,Cosstick,acossticko@va.gov,99109,624
26,Percy,McIlhagga,pmcilhaggap@flavors.me,589362,690
27,Aimil,Baszkiewicz,abaszkiewiczq@dedecms.com,447683,289
28,Rudolf,Marshland,rmarshlandr@ocn.ne.jp,648140,536
29,Eolande,Marcinkowski,emarcinkowskis@slate.com,389521,312
30,Ernst,Trask,etraskt@bravesites.com,359583,224
31,Yvon,MacHoste,ymachosteu@skype.com,834340,205
32,Arlana,Gaynsford,agaynsfordv@tripod.com,410724,450
33,Corabella,Lipyeat,clipyeatw@ted.com,647980,764
34,Noel,Fiennes,nfiennesx@spiegel.de,156883,345
35,Angele,Oddey,aoddeyy@php.net,419586,263
36,Yance,Boots,ybootsz@ftc.gov,103134,229
37,Tiertza,Edgett,tedgett10@cbslocal.com,717385,605
38,Shanan,Gatehouse,sgatehouse11@wired.com,645224,556
39,Shurlocke,Cloney,scloney12@cnbc.com,578946,886
40,Sanson,Stickel,sstickel13@usatoday.com,455195,351
41,Benson,Bassingden,bbassingden14@japanpost.jp,62062,636
42,Iorgos,Cressar,icressar15@pinterest.com,741883,959
43,Glyn,Hutley,ghutley16@redcross.org,497671,571
44,Jarib,Wooles,jwooles17@linkedin.com,174339,663
45,Homer,Newdick,hnewdick18@seesaa.net,160649,536
46,Rufe,Ibanez,ribanez19@biblegateway.com,953288,923
47,Laney,Sandars,lsandars1a@cloudflare.com,435927,469
48,Janet,Oswald,joswald1b@ameblo.jp,247732,219
49,Irvin,Veighey,iveighey1c@intel.com,707024,969
50,Justine,Courtney,jcourtney1d@ihg.com,759498,125
51,Madelle,Wilber,mwilber1e@goo.gl,863949,453
52,Dennie,Tuft,dtuft1f@gizmodo.com,353697,873
53,Jard,Ferdinand,jferdinand1g@flickr.com,238859,715
54,Hayward,Burrus,hburrus1h@answers.com,35961,119
55,Zorina,Cluney,zcluney1i@blinklist.com,341405,623
56,Mirabella,Ogbourne,mogbourne1j@mysql.com,298002,276
57,Christoper,Wallis,cwallis1k@networkadvertising.org,729733,193
58,Jordan,Aleksankov,jaleksankov1l@linkedin.com,534466,571
59,Corrinne,Matushevitz,cmatushevitz1m@berkeley.edu,474323,765
60,Chev,Smitherham,csmitherham1n@cnn.com,931122,202
61,Chad,Sabate,csabate1o@scribd.com,134589,825
62,Maddie,Beetham,mbeetham1p@ca.gov,971688,803
63,Nobe,Fairbairn,nfairbairn1q@who.int,336253,859
64,Sayers,Brookfield,sbrookfield1r@newyorker.com,136061,575
65,Tuesday,Nevett,tnevett1s@over-blog.com,569697,860
66,Farrell,Dollin,fdollin1t@engadget.com,396587,405
67,Slade,Merrikin,smerrikin1u@sfgate.com,947988,517
68,Lizabeth,Ketton,lketton1v@buzzfeed.com,672008,749
69,Thelma,Rubinow,trubinow1w@statcounter.com,785396,827
70,Jeannie,Munroe,jmunroe1x@slideshare.net,957177,728
71,Calida,Rosone,crosone1y@utexas.edu,507325,489
72,Vonni,Blakes,vblakes1z@alibaba.com,806491,129
73,Ferdinanda,Patroni,fpatroni20@scribd.com,803129,113
74,Eben,Yegorovnin,eyegorovnin21@seattletimes.com,987270,983
75,Yuma,Manie,ymanie22@ca.gov,623379,563
76,Larisa,Jacqueminot,ljacqueminot23@unc.edu,475608,398
77,Cecelia,Broske,cbroske24@discovery.com,862504,558
78,Reuven,Farrall,rfarrall25@unicef.org,601119,221
79,Launce,Eaglestone,leaglestone26@over-blog.com,113607,141
80,Xaviera,Hourstan,xhourstan27@barnesandnoble.com,600536,134
81,Graehme,Rothon,grothon28@geocities.com,127585,544
82,Helen-elizabeth,Ryrie,hryrie29@dailymail.co.uk,664712,120
83,Link,Chaters,lchaters2a@guardian.co.uk,154700,439
84,Olag,Deeves,odeeves2b@unblog.fr,162865,382
85,Juliann,Scandred,jscandred2c@ycombinator.com,281084,441
86,Cristen,Ranfield,cranfield2d@statcounter.com,449127,580
87,Andeee,Matzel,amatzel2e@topsy.com,360643,739
88,Sibyl,Marris,smarris2f@studiopress.com,531325,735
89,Redford,Repper,rrepper2g@apache.org,418737,400
90,Adolphe,Ropartz,aropartz2h@gnu.org,841802,929
91,Clemente,Coale,ccoale2i@facebook.com,163808,147
92,Philbert,Stonebanks,pstonebanks2j@arizona.edu,128510,545
93,Giffy,Putterill,gputterill2k@nytimes.com,263304,830
94,Neall,Gobel,ngobel2l@statcounter.com,521703,289
95,Lindsey,Doak,ldoak2m@arizona.edu,999262,971
96,Cris,Treadway,ctreadway2n@studiopress.com,864332,621
97,Ameline,Boaler,aboaler2o@a8.net,252780,495
98,Vida,Collens,vcollens2p@google.ru,141153,143
99,Emmet,Wattins,ewattins2q@soup.io,855350,940
100,Emelina,Bettenay,ebettenay2r@naver.com,242199,130
101,Burch,Bruins,bbruins2s@ca.gov,355229,112
102,Otto,Cavaney,ocavaney2t@lulu.com,344748,427
103,Ricard,Harmstone,rharmstone2u@oaic.gov.au,43532,604
104,Vincenz,Eagle,veagle2v@nasa.gov,635334,330
105,Alfy,Genicke,agenicke2w@elpais.com,164058,542
106,Elroy,L'Episcopio,elepiscopio2x@buzzfeed.com,795964,860
107,Udale,Alexandrescu,ualexandrescu2y@seesaa.net,443170,821
108,Doralin,Tamplin,dtamplin2z@g.co,284611,972
109,Xenia,Shackell,xshackell30@spotify.com,711167,211
110,Doloritas,Asch,dasch31@time.com,183148,223
111,Trevar,Ventura,tventura32@stanford.edu,548575,627
112,Shell,Brunotti,sbrunotti33@unicef.org,578367,889
113,Elfie,Killbey,ekillbey34@chicagotribune.com,58518,418
114,Almeda,Walcot,awalcot35@list-manage.com,868138,591
115,Orton,Hovey,ohovey36@thetimes.co.uk,435030,954
116,Trstram,Spark,tspark37@clickbank.net,212864,133
117,Barbra,Collar,bcollar38@apache.org,89826,832
118,Thorvald,Binyon,tbinyon39@msu.edu,583764,513
119,Alfy,Ellerbeck,aellerbeck3a@cmu.edu,293157,944
120,Falkner,Forrest,fforrest3b@histats.com,48879,447
121,Josey,MacNelly,jmacnelly3c@indiegogo.com,698867,805
122,Theodosia,Secombe,tsecombe3d@fc2.com,351550,437
123,Iver,Rene,irene3e@elegantthemes.com,472387,925
124,Kimberly,Ingleton,kingleton3f@state.tx.us,551806,778
125,Carlota,Willingam,cwillingam3g@macromedia.com,308735,562
126,Garvey,Mandrake,gmandrake3h@sun.com,467383,758
127,Erv,Dommerque,edommerque3i@seesaa.net,692362,350
128,Halley,Yaknov,hyaknov3j@harvard.edu,187023,933
129,Orelle,Snoxell,osnoxell3k@yahoo.co.jp,419236,461
130,Lauri,Kobes,lkobes3l@pen.io,665929,618
131,Jarid,Fuggle,jfuggle3m@netvibes.com,287732,984
132,Gerek,Disdel,gdisdel3n@google.nl,815427,238
133,Niko,Abbets,nabbets3o@wufoo.com,168279,174
134,Kelvin,Alexsandrowicz,kalexsandrowicz3p@fastcompany.com,248022,661
135,Gaile,Wheaton,gwheaton3q@imageshack.us,395306,130
136,Hart,Oloman,holoman3r@dmoz.org,170865,747
137,Jonie,Senn,jsenn3s@bloomberg.com,841734,547
138,Willa,Govan,wgovan3t@4shared.com,474798,402
139,Yance,D'Errico,yderrico3u@paginegialle.it,202169,114
140,Weber,Strut,wstrut3v@icq.com,849195,716
141,Emelia,Sabatier,esabatier3w@jigsy.com,473815,768
142,Elfie,Costigan,ecostigan3x@hp.com,153303,622
143,Kelley,Pitsall,kpitsall3y@mtv.com,800868,254
144,Olenolin,Merrisson,omerrisson3z@hugedomains.com,34958,916
145,Emelia,Gowthorpe,egowthorpe40@mashable.com,874071,135
146,Tera,Jerrams,tjerrams41@tiny.cc,178074,183
147,Idalia,Eisak,ieisak42@msn.com,767489,728
148,Saleem,Hinkley,shinkley43@usatoday.com,256942,433
149,Alaine,McCurlye,amccurlye44@mediafire.com,931560,861
150,Jdavie,Ciccottini,jciccottini45@newsvine.com,564745,414
151,Rosmunda,Regi,rregi46@usa.gov,772438,262
152,Kendell,Dake,kdake47@angelfire.com,790836,620
153,Skipton,Jemison,sjemison48@bandcamp.com,470823,669
154,Nicolle,Sellars,nsellars49@1688.com,404004,421
155,Nanette,Inglesfield,ninglesfield4a@wufoo.com,104028,386
156,Perice,Tranfield,ptranfield4b@yellowbook.com,924335,720
157,Consalve,Shawl,cshawl4c@disqus.com,540568,661
158,Elli,Jorry,ejorry4d@google.pl,638656,895
159,Joseito,Dyche,jdyche4e@boston.com,46226,918
160,Dani,Assaf,dassaf4f@apple.com,884472,142
161,Harris,Nehls,hnehls4g@dagondesign.com,613828,996
162,Annadiana,Oxborrow,aoxborrow4h@mlb.com,824387,412
163,Evelyn,Peskett,epeskett4i@weibo.com,818411,988
164,Henry,Boutell,hboutell4j@sogou.com,941997,652
165,Alair,Shadrack,ashadrack4k@yellowbook.com,997518,653
166,Seth,Kruszelnicki,skruszelnicki4l@g.co,300937,609
167,Marta,Branscomb,mbranscomb4m@eventbrite.com,386701,427
168,Tiff,Benedikt,tbenedikt4n@stanford.edu,171341,200
169,Freddy,Capener,fcapener4o@netlog.com,171625,359
170,Orsola,Rudkin,orudkin4p@hubpages.com,424668,583
171,Beale,Spellard,bspellard4q@last.fm,603386,368
172,Olia,Elliott,oelliott4r@ucoz.ru,878039,408
173,Milt,Onians,monians4s@printfriendly.com,114004,899
174,Glen,Torresi,gtorresi4t@hp.com,512413,743
175,Theadora,Widdows,twiddows4u@marketwatch.com,792965,878
176,Gordie,Rembrant,grembrant4v@shinystat.com,411124,945
177,Collie,Sharple,csharple4w@bbb.org,111847,528
178,Johannes,Beurich,jbeurich4x@umich.edu,442589,573
179,Sadye,Benadette,sbenadette4y@digg.com,759213,191
180,Ambur,Romi,aromi4z@1688.com,903389,322
181,Ailbert,Piotrkowski,apiotrkowski50@bbc.co.uk,503497,763
182,Kora,Iorizzi,kiorizzi51@reuters.com,773218,834
183,Petey,Dilley,pdilley52@theguardian.com,311869,836
184,Tammie,Kelloch,tkelloch53@alibaba.com,935168,263
185,Abbey,Jacke,ajacke54@liveinternet.ru,177601,660
186,Tonye,Boule,tboule55@freewebs.com,573548,792
187,Melody,Harraway,mharraway56@i2i.jp,381900,567
188,Margery,MacConchie,mmacconchie57@example.com,309455,432
189,Doreen,Malek,dmalek58@exblog.jp,663488,660
190,Jermaine,Romaines,jromaines59@sphinn.com,456722,844
191,Mayne,Fosserd,mfosserd5a@360.cn,708861,878
192,Emmaline,Gammidge,egammidge5b@liveinternet.ru,759538,660
193,Trace,Moxom,tmoxom5c@posterous.com,890186,368
194,Keane,Cortes,kcortes5d@behance.net,915028,505
195,Alexa,Baddeley,abaddeley5e@ihg.com,197823,671
196,Mellisa,Cawthorne,mcawthorne5f@umich.edu,398421,847
197,Reta,Heavyside,rheavyside5g@techcrunch.com,226553,378
198,Aurlie,Bonnor,abonnor5h@lycos.com,817519,291
199,Berkie,McNelis,bmcnelis5i@pagesperso-orange.fr,82717,585
200,Kimball,Jodrelle,kjodrelle5j@clickbank.net,264231,473
201,Felicio,Racine,fracine5k@myspace.com,331745,957
202,Noland,Nassy,nnassy5l@tinyurl.com,656562,500
203,Vivien,Agg,vagg5m@guardian.co.uk,29403,494
204,Cherin,Henkens,chenkens5n@g.co,55293,456
205,Gibby,Hacker,ghacker5o@cbsnews.com,398495,280
206,Cortney,Friedank,cfriedank5p@zimbio.com,547795,370
207,Dalli,Hallick,dhallick5q@123-reg.co.uk,246615,774
208,Sula,Aymes,saymes5r@bloglovin.com,43935,886
209,Ricky,Clemintoni,rclemintoni5s@tamu.edu,505606,884
210,Tera,Tabram,ttabram5t@sohu.com,869954,261
211,Hayley,Conklin,hconklin5u@blogtalkradio.com,304305,462
212,Alix,Sneezem,asneezem5v@t-online.de,370798,424
213,Bil,Leads,bleads5w@cdc.gov,686150,312
214,Randie,Avramovich,ravramovich5x@wikia.com,973088,352
215,Lorant,Liveley,lliveley5y@loc.gov,397143,612
216,Valaree,Eliet,veliet5z@jimdo.com,606604,889
217,Sallee,Elloy,selloy60@toplist.cz,541300,333
218,Weider,Cordon,wcordon61@nydailynews.com,633337,791
219,Osmond,Blakebrough,oblakebrough62@multiply.com,892165,948
220,Tynan,Smullen,tsmullen63@baidu.com,214057,528
221,Forester,Richford,frichford64@smugmug.com,450918,958
222,Rosemaria,Bunston,rbunston65@blog.com,464703,222
223,Leigh,Victoria,lvictoria66@photobucket.com,154996,800
224,Estella,Itzchaky,eitzchaky67@engadget.com,941345,196
225,Timoteo,Atherton,tatherton68@hostgator.com,311804,166
226,Simonne,Plues,splues69@mac.com,60910,400
227,Jarid,Setchell,jsetchell6a@joomla.org,89472,289
228,Claudianus,Challiss,cchalliss6b@cnet.com,383684,852
229,Berkie,Wesker,bwesker6c@stanford.edu,417318,778
230,Arden,Veldstra,aveldstra6d@freewebs.com,368930,377
231,Zacherie,Arens,zarens6e@businessweek.com,28820,494
232,Anallese,Driver,adriver6f@accuweather.com,390501,577
233,Rosmunda,Jupe,rjupe6g@cam.ac.uk,45559,349
234,Gert,Hinchcliffe,ghinchcliffe6h@telegraph.co.uk,120177,213
235,Marion,Stable,mstable6i@quantcast.com,170180,273
236,Marion,Cotterill,mcotterill6j@comsenz.com,339661,788
237,Putnam,Maliffe,pmaliffe6k@tiny.cc,616703,891
238,Stephan,Batisse,sbatisse6l@archive.org,393482,374
239,Rahal,Gentile,rgentile6m@plala.or.jp,467758,265
240,Ashleigh,Ivanishev,aivanishev6n@icq.com,507996,940
241,Tedmund,Geist,tgeist6o@dagondesign.com,478337,982
242,Lucina,McClurg,lmcclurg6p@com.com,175027,991
243,Axel,McRae,amcrae6q@addtoany.com,948368,239
244,Binni,McClaurie,bmcclaurie6r@g.co,663357,788
245,Jandy,Adney,jadney6s@ted.com,749028,924
246,Byrom,Navarijo,bnavarijo6t@weather.com,445675,281
247,Bendix,Corah,bcorah6u@kickstarter.com,754301,869
248,Philly,Lammerich,plammerich6v@shinystat.com,877049,157
249,Ashby,Nono,anono6w@sciencedirect.com,876598,947
250,Emlynn,Dwerryhouse,edwerryhouse6x@ucoz.com,28486,642
251,Kip,Accum,kaccum6y@foxnews.com,692844,964
252,Starla,Maslin,smaslin6z@epa.gov,411087,333
253,Elana,Kedie,ekedie70@netlog.com,175102,637
254,Ashlen,Hawtin,ahawtin71@icq.com,836623,301
255,Vivianne,Brouncker,vbrouncker72@ucoz.ru,579962,581
256,Toiboid,Kanwell,tkanwell73@nature.com,65108,787
257,Danita,Whatley,dwhatley74@virginia.edu,775852,339
258,Celestia,Brownsworth,cbrownsworth75@yellowpages.com,400192,965
259,Osbourn,Mylchreest,omylchreest76@pcworld.com,835063,140
260,Grannie,Binham,gbinham77@google.nl,790552,394
261,Ilyssa,Branchflower,ibranchflower78@un.org,385349,363
262,Estele,Ockendon,eockendon79@intel.com,438999,117
263,Jackquelin,Harriman,jharriman7a@amazon.co.uk,153754,898
264,Emmerich,Lerwill,elerwill7b@arstechnica.com,505394,904
265,Sybille,Creamen,screamen7c@studiopress.com,186563,188
266,Tadio,Vassman,tvassman7d@whitehouse.gov,559864,446
267,Jayme,Agglione,jagglione7e@archive.org,168901,326
268,Fred,Cottey,fcottey7f@bravesites.com,414943,895
269,Perl,Losty,plosty7g@dailymotion.com,470670,715
270,Ortensia,Vaszoly,ovaszoly7h@a8.net,759229,773
271,Jerome,Roan,jroan7i@github.io,290654,217
272,Rafaellle,Fairrie,rfairrie7j@sohu.com,205796,426
273,Shela,Chiechio,schiechio7k@china.com.cn,691979,198
274,Rosabel,Hedylstone,rhedylstone7l@pen.io,148758,434
275,Yvonne,Goodings,ygoodings7m@devhub.com,552568,467
276,Alberto,De la Eglise,adelaeglise7n@nature.com,425540,116
277,York,Vignaux,yvignaux7o@storify.com,492056,779
278,Karole,MacConchie,kmacconchie7p@digg.com,31803,941
279,Martino,Reville,mreville7q@google.fr,809030,533
280,Cynthy,Kalkhoven,ckalkhoven7r@cocolog-nifty.com,713815,447
281,Casandra,Gipp,cgipp7s@dyndns.org,892892,147
282,Guendolen,Iannelli,giannelli7t@va.gov,512527,784
283,Moise,Pllu,mpllu7u@globo.com,386669,869
284,Buckie,Martschik,bmartschik7v@icq.com,72136,168
285,Terrie,Austen,tausten7w@chicagotribune.com,922203,428
286,Kelsy,Rollinshaw,krollinshaw7x@skyrock.com,477790,202
287,Tyrone,Gussie,tgussie7y@bloomberg.com,44732,725
288,Domenico,Risely,drisely7z@ucoz.ru,958971,353
289,Will,Lightbourn,wlightbourn80@cloudflare.com,716178,160
290,Bartholomeus,Coulston,bcoulston81@wunderground.com,223781,651
291,Guinevere,Lygo,glygo82@phpbb.com,974758,780
292,Yvonne,McNaughton,ymcnaughton83@behance.net,23802,936
293,Lanny,McCullough,lmccullough84@auda.org.au,827017,361
294,Rhys,Stive,rstive85@mapquest.com,507858,665
295,Kevan,Morland,kmorland86@amazon.com,868525,205
296,Thayne,Niccols,tniccols87@delicious.com,597618,860
297,Laurette,Zarfat,lzarfat88@boston.com,730645,987
298,Billy,Acey,bacey89@telegraph.co.uk,436664,587
299,Alexandra,Perico,aperico8a@nymag.com,744019,479
300,Meghan,Guilfoyle,mguilfoyle8b@telegraph.co.uk,619804,893
301,Dolf,Buterton,dbuterton8c@ucoz.ru,873323,627
302,Merilyn,Laxen,mlaxen8d@over-blog.com,748140,740
303,Jessika,Sperry,jsperry8e@icio.us,627807,789
304,Packston,Snibson,psnibson8f@newyorker.com,450625,696
305,Raf,Ivachyov,rivachyov8g@miitbeian.gov.cn,215760,889
306,Thoma,MacGilrewy,tmacgilrewy8h@dropbox.com,796611,812
307,Helga,Donaway,hdonaway8i@usnews.com,720927,101
308,Efren,Childerhouse,echilderhouse8j@nhs.uk,130010,364
309,Collin,Mc Menamin,cmcmenamin8k@cmu.edu,932588,325
310,Obidiah,Kaas,okaas8l@infoseek.co.jp,278010,985
311,Joana,Bess,jbess8m@amazon.de,49557,368
312,Elbert,Kettleson,ekettleson8n@ocn.ne.jp,938177,499
313,Reuben,Copperwaite,rcopperwaite8o@eventbrite.com,944130,950
314,Al,Hardes,ahardes8p@state.tx.us,81617,991
315,Dorian,Seger,dseger8q@netlog.com,244030,241
316,Juditha,Suarez,jsuarez8r@walmart.com,320553,414
317,Raynor,Dunbabin,rdunbabin8s@linkedin.com,789196,429
318,Adair,Cheake,acheake8t@soup.io,459888,678
319,Quillan,Fendlow,qfendlow8u@networksolutions.com,292541,534
320,Raleigh,Cohn,rcohn8v@prlog.org,492548,396
321,Roderick,Vesty,rvesty8w@webmd.com,797054,458
322,Devlin,Took,dtook8x@icio.us,497272,630
323,Sean,Worsnop,sworsnop8y@apache.org,939720,559
324,Dill,Ericssen,dericssen8z@surveymonkey.com,508968,941
325,Nichole,Dollen,ndollen90@free.fr,905521,184
326,Josselyn,De Ortega,jdeortega91@ftc.gov,984070,426
327,Joane,Moorcraft,jmoorcraft92@indiegogo.com,635354,360
328,Meredith,Ariss,mariss93@wsj.com,525584,497
329,Ingar,Causbey,icausbey94@weebly.com,468544,978
330,Phoebe,Corona,pcorona95@simplemachines.org,658333,871
331,Sheena,Huws,shuws96@jigsy.com,814318,363
332,Jacquelin,Upshall,jupshall97@e-recht24.de,242310,839
333,Glenna,Kleine,gkleine98@hibu.com,110471,496
334,Randy,Chamley,rchamley99@plala.or.jp,52475,289
335,Rinaldo,Studman,rstudman9a@seesaa.net,283509,313
336,Helli,Claris,hclaris9b@statcounter.com,982785,438
337,Veriee,Piddlehinton,vpiddlehinton9c@uiuc.edu,279383,163
338,Freeland,Davage,fdavage9d@mit.edu,60990,305
339,Errol,Klambt,eklambt9e@google.de,225668,587
340,Nanette,Eakly,neakly9f@cmu.edu,575125,693
341,Addie,Pickton,apickton9g@deviantart.com,880572,746
342,Lucais,Wisby,lwisby9h@wired.com,483812,252
343,Waneta,Allaker,wallaker9i@t.co,717260,360
344,Dolf,Stanyard,dstanyard9j@gizmodo.com,143361,629
345,Othello,Kippling,okippling9k@opera.com,650083,990
346,Leandra,Arundel,larundel9l@hostgator.com,540357,807
347,Dareen,Handrahan,dhandrahan9m@marriott.com,275388,487
348,Franciska,Westmancoat,fwestmancoat9n@gnu.org,831624,845
349,Augustus,Keough,akeough9o@time.com,906958,531
350,Giorgi,Ibotson,gibotson9p@jimdo.com,474069,958
351,Marcy,Dorning,mdorning9q@google.com.hk,170856,125
352,Ricca,Stanley,rstanley9r@blogtalkradio.com,790654,870
353,Charlotta,Loadman,cloadman9s@cornell.edu,659508,360
354,Toiboid,Thying,tthying9t@facebook.com,263837,679
355,Celestine,Keach,ckeach9u@prweb.com,354055,965
356,Charleen,Blissitt,cblissitt9v@adobe.com,924287,168
357,Clayborne,Chumley,cchumley9w@about.me,374828,128
358,Godfrey,Cronchey,gcronchey9x@lulu.com,731427,462
359,Cassie,Tedder,ctedder9y@about.me,992124,240
360,Cloe,Habble,chabble9z@noaa.gov,447006,369
361,Elizabeth,Coggell,ecoggella0@europa.eu,69565,218
362,Scottie,Lyston,slystona1@webnode.com,343073,231
363,Prudence,Clubbe,pclubbea2@techcrunch.com,309967,879
364,Harman,Mee,hmeea3@addthis.com,542021,684
365,Geoffry,Flintuff,gflintuffa4@biglobe.ne.jp,438330,485
366,Britt,Cotherill,bcotherilla5@chron.com,47807,502
367,Maribel,Scola,mscolaa6@constantcontact.com,885303,424
368,Ansell,Toffanelli,atoffanellia7@timesonline.co.uk,803716,600
369,Curr,Surgeon,csurgeona8@aol.com,437396,208
370,Sallie,Brosnan,sbrosnana9@hostgator.com,865625,522
371,Ashlin,Plume,aplumeaa@ucoz.ru,976396,392
372,Vernor,Verrillo,vverrilloab@businessweek.com,477989,852
373,Gaven,Browning,gbrowningac@woothemes.com,864132,364
374,Quintus,Whate,qwhatead@geocities.com,399665,770
375,Annabel,Barff,abarffae@huffingtonpost.com,299822,635
376,Alma,Texton,atextonaf@google.es,453821,646
377,Flory,Maisey,fmaiseyag@opensource.org,817030,265
378,Aili,Kearley,akearleyah@cdbaby.com,825959,470
379,Becka,Paslow,bpaslowai@themeforest.net,491168,578
380,Baxie,Matitiaho,bmatitiahoaj@sciencedaily.com,929859,390
381,Merv,Sawtell,msawtellak@scientificamerican.com,333838,964
382,Bud,Gelardi,bgelardial@blinklist.com,937389,135
383,Giacobo,Culpin,gculpinam@usgs.gov,153785,377
384,Margaretta,Lapere,mlaperean@indiegogo.com,397696,162
385,Alvie,Bills,abillsao@columbia.edu,442267,584
386,Dew,Daud,ddaudap@so-net.ne.jp,238579,995
387,Dian,Brundale,dbrundaleaq@earthlink.net,892730,683
388,Quintana,Bendix,qbendixar@hibu.com,796506,792
389,Sheffield,Cunradi,scunradias@cnbc.com,547979,703
390,Maynord,Feldhorn,mfeldhornat@a8.net,126762,641
391,Linc,Tokell,ltokellau@sourceforge.net,428029,107
392,Patrick,Jedrzejewicz,pjedrzejewiczav@wikia.com,634766,644
393,Eward,Rozzier,erozzieraw@geocities.jp,930739,628
394,Susy,Figgures,sfigguresax@about.com,271973,249
395,Deb,Sans,dsansay@studiopress.com,186577,595
396,Guinna,Schechter,gschechteraz@dyndns.org,165931,724
397,Bibbie,Bard,bbardb0@bloomberg.com,121911,315
398,Bev,Ingliss,binglissb1@phoca.cz,722584,857
399,Coral,Claibourn,cclaibournb2@sphinn.com,611560,955
400,Giuseppe,Stapleton,gstapletonb3@nps.gov,354722,218
401,Adolph,Winfindale,awinfindaleb4@mtv.com,488598,746
402,Charissa,Layus,clayusb5@prweb.com,960039,243
403,Toby,McAulay,tmcaulayb6@issuu.com,803194,690
404,Rycca,Perryman,rperrymanb7@dion.ne.jp,551439,543
405,Tate,Selwin,tselwinb8@ustream.tv,134556,223
406,Matty,Alan,malanb9@accuweather.com,901489,444
407,Rem,Bruckmann,rbruckmannba@tiny.cc,319352,433
408,Pammie,Holdin,pholdinbb@drupal.org,162828,554
409,Doti,Spedroni,dspedronibc@amazon.de,427410,150
410,Vonny,Lampke,vlampkebd@constantcontact.com,796241,736
411,Nannie,Bagguley,nbagguleybe@auda.org.au,648618,989
412,Hirsch,Jenkin,hjenkinbf@weibo.com,996697,829
413,Vincenz,Petzold,vpetzoldbg@guardian.co.uk,801050,978
414,Kippy,Josefsen,kjosefsenbh@printfriendly.com,144243,521
415,Maximilien,Helix,mhelixbi@webmd.com,337860,956
416,Marianne,Worledge,mworledgebj@blogspot.com,541842,559
417,Peyton,Dabling,pdablingbk@jimdo.com,855747,198
418,Maisie,Baldinotti,mbaldinottibl@cmu.edu,592424,346
419,Rodolfo,Hanstock,rhanstockbm@qq.com,716036,820
420,Manuel,Scrivens,mscrivensbn@blogtalkradio.com,121072,389
421,Yolande,Phuprate,yphupratebo@hostgator.com,387046,313
422,Rodrique,Orbine,rorbinebp@studiopress.com,275965,683
423,Gillian,Stut,gstutbq@go.com,666002,208
424,Malynda,Walworche,mwalworchebr@ted.com,126415,770
425,Alleen,Symondson,asymondsonbs@eepurl.com,842348,974
426,Phyllis,Neely,pneelybt@bbc.co.uk,564845,251
427,Billy,Wrightham,bwrighthambu@topsy.com,980987,470
428,Arleta,Dixson,adixsonbv@liveinternet.ru,871190,874
429,Lyndell,Lomen,llomenbw@printfriendly.com,419792,522
430,Theda,Kyncl,tkynclbx@sbwire.com,942366,312
431,Micah,Lowdiane,mlowdianeby@hc360.com,405790,944
432,Mathe,Bartolomeotti,mbartolomeottibz@aol.com,528110,660
433,Maurits,Abrahmer,mabrahmerc0@etsy.com,139673,494
434,Marina,Galland,mgallandc1@auda.org.au,874261,386
435,Alexio,Cutbush,acutbushc2@sakura.ne.jp,960018,503
436,Ilysa,Whitemarsh,iwhitemarshc3@foxnews.com,322060,830
437,Elbertine,MacGilpatrick,emacgilpatrickc4@thetimes.co.uk,592287,569
438,Karim,Mugleston,kmuglestonc5@chicagotribune.com,666961,759
439,Lothario,Brophy,lbrophyc6@foxnews.com,554661,544
440,Prent,Tomczykiewicz,ptomczykiewiczc7@ed.gov,447987,894
441,Winonah,Bilham,wbilhamc8@aol.com,514988,728
442,Madeline,Welford,mwelfordc9@washingtonpost.com,132248,188
443,Hilliard,Pigeram,hpigeramca@storify.com,329920,197
444,Cynthy,Lafflina,clafflinacb@sourceforge.net,555071,994
445,Bondie,D'Andrea,bdandreacc@bigcartel.com,663164,374
446,Noemi,Crockett,ncrockettcd@infoseek.co.jp,812314,728
447,Kelley,Reinger,kreingerce@washington.edu,466116,204
448,Walt,Gartan,wgartancf@kickstarter.com,702117,699
449,Fidole,Hadleigh,fhadleighcg@tmall.com,662949,157
450,Virgie,Stockton,vstocktonch@icio.us,484078,801
451,Rutherford,Gaitone,rgaitoneci@nasa.gov,700214,715
452,Shell,Janssen,sjanssencj@virginia.edu,603509,157
453,Madelena,Garbott,mgarbottck@senate.gov,88924,570
454,Kenny,Broadbent,kbroadbentcl@apple.com,906360,544
455,Austin,Eam,aeamcm@amazonaws.com,123315,934
456,Mia,Revan,mrevancn@soup.io,595854,601
457,Kitti,Hattoe,khattoeco@bloglines.com,732446,985
458,Baxter,Wilds,bwildscp@discuz.net,216641,184
459,Karly,Duxbury,kduxburycq@123-reg.co.uk,808047,899
460,Ranique,Casson,rcassoncr@unicef.org,236052,395
461,Elianore,Bradman,ebradmancs@timesonline.co.uk,153932,261
462,Casper,Honig,chonigct@dropbox.com,457431,289
463,Bran,Peirone,bpeironecu@nature.com,320751,130
464,Betteann,Lauga,blaugacv@opera.com,793320,591
465,Don,Mungane,dmunganecw@reverbnation.com,980589,599
466,Wiatt,Felgat,wfelgatcx@abc.net.au,126544,557
467,Trude,Kyne,tkynecy@seesaa.net,243977,234
468,Isak,Hebron,ihebroncz@wikispaces.com,857128,971
469,Leelah,Lessmare,llessmared0@vkontakte.ru,954264,361
470,Broddy,Pinchin,bpinchind1@latimes.com,79727,376
471,Constancy,Crooke,ccrooked2@domainmarket.com,311017,227
472,Manolo,Zarfat,mzarfatd3@spiegel.de,607219,424
473,Gerda,Colloby,gcollobyd4@prweb.com,525225,867
474,Nikita,Jaray,njarayd5@weibo.com,712362,163
475,Godfry,Flucker,gfluckerd6@java.com,492313,926
476,Rancell,Leeder,rleederd7@oakley.com,529706,401
477,Sibyl,Lander,slanderd8@state.tx.us,919238,721
478,Thaddeus,Kubach,tkubachd9@economist.com,991438,947
479,Bondie,Franiak,bfraniakda@unicef.org,570134,143
480,Tristam,Asplin,tasplindb@ucoz.ru,542622,941
481,Sasha,Rapps,srappsdc@w3.org,586028,135
482,Staci,Surmeyer,ssurmeyerdd@ameblo.jp,114558,237
483,Theresita,Rey,treyde@intel.com,148846,146
484,Atalanta,Miko,amikodf@ox.ac.uk,955644,742
485,Joell,Merill,jmerilldg@washingtonpost.com,736544,758
486,Evered,Leverett,eleverettdh@hatena.ne.jp,647657,888
487,Abba,Ketcher,aketcherdi@google.co.jp,109012,103
488,Justen,Fermin,jfermindj@wordpress.com,513009,933
489,Jean,Demangel,jdemangeldk@earthlink.net,180056,172
490,Alley,Surtees,asurteesdl@ameblo.jp,684564,627
491,Lauretta,Gaishson,lgaishsondm@hugedomains.com,512112,537
492,Blinnie,Penhaligon,bpenhaligondn@free.fr,120939,200
493,Nanny,Blockwell,nblockwelldo@163.com,752414,564
494,Brannon,Wakefield,bwakefielddp@dyndns.org,610661,128
495,Conney,Knewstub,cknewstubdq@google.co.uk,418567,914
496,Skipp,Guinery,sguinerydr@newyorker.com,727578,801
497,Fraser,Redolfi,fredolfids@twitpic.com,604889,548
498,Alvira,Mileham,amilehamdt@creativecommons.org,596582,954
499,Marylou,Demoge,mdemogedu@myspace.com,635428,895
500,Florie,Hehir,fhehirdv@mapy.cz,476033,914
501,Marissa,Paradine,mparadinedw@guardian.co.uk,204795,899
502,Tymon,Defau,tdefaudx@thetimes.co.uk,767351,537
503,Noami,Whitman,nwhitmandy@skype.com,772459,464
504,Cyril,Hugenin,chugenindz@craigslist.org,47591,892
505,Carlita,Franssen,cfranssene0@craigslist.org,120097,646
506,Cynthia,Mawditt,cmawditte1@sakura.ne.jp,191288,741
507,Jasmin,Gurnee,jgurneee2@dell.com,899422,984
508,Almeda,Cromley,acromleye3@list-manage.com,241840,416
509,Pierce,Allot,pallote4@printfriendly.com,358546,198
510,Deane,Tilsley,dtilsleye5@hubpages.com,998427,813
511,Kristopher,Gerckens,kgerckense6@joomla.org,817279,917
512,Colline,Orring,corringe7@samsung.com,267438,841
513,Kathy,Livingston,klivingstone8@deliciousdays.com,272685,824
514,Lemmy,De Benedictis,ldebenedictise9@ted.com,816833,536
515,Guendolen,Meanwell,gmeanwellea@mozilla.org,524246,836
516,Der,Hatchman,dhatchmaneb@webeden.co.uk,646626,275
517,Dagmar,Martland,dmartlandec@sphinn.com,281088,707
518,Gregg,Yanez,gyanezed@whitehouse.gov,88839,484
519,Liesa,Canwell,lcanwellee@cdc.gov,543935,941
520,Jenica,Chasmar,jchasmaref@google.ru,91597,645
521,Jasmin,Tungay,jtungayeg@ustream.tv,926187,347
522,Lorry,Lafaye,llafayeeh@nih.gov,832261,460
523,Gavrielle,Krikorian,gkrikorianei@4shared.com,816539,216
524,Devin,Willbraham,dwillbrahamej@moonfruit.com,81756,494
525,Arleen,Josselsohn,ajosselsohnek@ehow.com,727017,128
526,Stillman,Fisbey,sfisbeyel@example.com,542351,441
527,Francisca,Blundell,fblundellem@mapquest.com,652515,301
528,Wesley,Eldritt,weldritten@nydailynews.com,912886,143
529,Cassius,Potter,cpottereo@printfriendly.com,937862,752
530,Lawton,Clilverd,lclilverdep@sina.com.cn,447068,319
531,Skipp,Pennazzi,spennazzieq@indiegogo.com,448728,750
532,Cathie,Wollen,cwollener@goo.gl,993398,114
533,Desirae,Dallin,ddallines@google.com.br,452809,852
534,Andrei,Fronek,afroneket@wufoo.com,887059,110
535,Danica,Tennant,dtennanteu@jalbum.net,501572,679
536,Lewie,Cuss,lcussev@geocities.jp,58266,331
537,Archibald,Gant,agantew@engadget.com,615005,473
538,Vincenty,Callf,vcallfex@fastcompany.com,305495,256
539,Nap,Litt,nlittey@booking.com,650090,401
540,Salem,Gores,sgoresez@hud.gov,715939,454
541,Eilis,Pummery,epummeryf0@nasa.gov,717601,759
542,Simeon,Verrall,sverrallf1@va.gov,579851,131
543,Faustine,Thrasher,fthrasherf2@dyndns.org,510867,664
544,Carl,Januszewski,cjanuszewskif3@nps.gov,653819,817
545,Sharyl,Wyllcocks,swyllcocksf4@imgur.com,904066,796
546,Sheryl,Falcus,sfalcusf5@pbs.org,319568,165
547,Nefen,Sizeland,nsizelandf6@usa.gov,171807,171
548,Gun,Cleaver,gcleaverf7@nih.gov,608595,558
549,Floyd,Telezhkin,ftelezhkinf8@netlog.com,234085,920
550,Emmerich,Siney,esineyf9@unblog.fr,520858,249
551,Petrina,Fettes,pfettesfa@cam.ac.uk,290901,299
552,Bengt,Brand,bbrandfb@nydailynews.com,758004,136
553,Zolly,Smewing,zsmewingfc@vinaora.com,805058,784
554,Alfy,Wilkins,awilkinsfd@apple.com,312858,211
555,Dominga,Biss,dbissfe@com.com,684220,478
556,Abbe,Baline,abalineff@spotify.com,762750,596
557,Ansley,Josiah,ajosiahfg@yolasite.com,405562,772
558,Harris,Whitsey,hwhitseyfh@qq.com,987561,185
559,Brenn,Sillwood,bsillwoodfi@epa.gov,690700,860
560,Hort,Thrussell,hthrussellfj@senate.gov,460960,486
561,Pearce,Debney,pdebneyfk@dot.gov,983130,328
562,Chandler,Nassey,cnasseyfl@go.com,211892,755
563,Sean,Burgon,sburgonfm@jalbum.net,47902,199
564,Roman,Axelbee,raxelbeefn@alexa.com,447072,500
565,Giffie,Clifford,gcliffordfo@gnu.org,896850,498
566,Leia,Lefwich,llefwichfp@comsenz.com,214301,375
567,Garv,Shrimplin,gshrimplinfq@friendfeed.com,343476,628
568,Candy,Littlejohn,clittlejohnfr@godaddy.com,409313,615
569,Daloris,Jahan,djahanfs@prweb.com,732925,498
570,Vivia,Ditter,vditterft@imgur.com,822790,594
571,Marnia,Bains,mbainsfu@businessinsider.com,268328,221
572,Mickie,Kirkwood,mkirkwoodfv@spiegel.de,586420,355
573,Norris,Nortunen,nnortunenfw@youtube.com,596480,100
574,Skip,Rasmus,srasmusfx@wp.com,373346,117
575,Ilise,Librey,ilibreyfy@mlb.com,509426,679
576,Alena,Kelly,akellyfz@instagram.com,255381,509
577,Frazier,Mulkerrins,fmulkerrinsg0@devhub.com,258702,783
578,Doll,Coats,dcoatsg1@ask.com,295617,585
579,Conni,Gosswell,cgosswellg2@state.tx.us,359985,574
580,Victor,Feaster,vfeasterg3@sun.com,607037,847
581,Vito,Messager,vmessagerg4@phoca.cz,449331,870
582,Garrick,Bedwell,gbedwellg5@sciencedaily.com,384014,491
583,Halsey,Tribell,htribellg6@vkontakte.ru,20992,971
584,Jose,Woolfenden,jwoolfendeng7@spotify.com,340704,321
585,Ossie,MacAdam,omacadamg8@joomla.org,691152,145
586,Dulcea,Grundey,dgrundeyg9@naver.com,489686,529
587,Corty,Herrero,cherreroga@paginegialle.it,570421,333
588,Nye,Pestridge,npestridgegb@admin.ch,310698,751
589,Jeremie,Pomeroy,jpomeroygc@smh.com.au,500468,507
590,Brewer,Skuce,bskucegd@friendfeed.com,540623,790
591,Eldredge,Castiello,ecastielloge@123-reg.co.uk,354377,295
592,Lemmy,Readwin,lreadwingf@woothemes.com,453316,373
593,Consolata,Gozzard,cgozzardgg@infoseek.co.jp,428585,328
594,Kale,Bottell,kbottellgh@engadget.com,633641,783
595,Jennee,Ivy,jivygi@odnoklassniki.ru,267877,103
596,Reese,Heys,rheysgj@europa.eu,272856,273
597,Ketty,Bratley,kbratleygk@sakura.ne.jp,383234,569
598,Alica,Ragbourn,aragbourngl@istockphoto.com,533421,790
599,Clair,Matheson,cmathesongm@hostgator.com,43128,487
600,Welch,Sumbler,wsumblergn@rambler.ru,431312,897
601,Elenore,Davidovic,edavidovicgo@plala.or.jp,77777,761
602,Luigi,Comley,lcomleygp@wufoo.com,625946,200
603,Burg,Crewther,bcrewthergq@paginegialle.it,26099,558
604,Christiane,Cartin,ccartingr@hao123.com,842361,771
605,Aylmar,Korbmaker,akorbmakergs@usatoday.com,924518,678
606,Kyrstin,Munkley,kmunkleygt@canalblog.com,349234,937
607,Dietrich,Muttitt,dmuttittgu@google.pl,680110,459
608,Frederich,Jayume,fjayumegv@army.mil,572394,981
609,Harvey,Squibb,hsquibbgw@apache.org,96970,413
610,Ive,Kirsz,ikirszgx@hatena.ne.jp,243673,647
611,Olivie,Valeri,ovalerigy@columbia.edu,846433,506
612,Sully,Oats,soatsgz@netlog.com,781512,243
613,Rivi,Antoinet,rantoineth0@nsw.gov.au,407065,446
614,Deidre,Searsby,dsearsbyh1@jiathis.com,54004,759
615,Ola,Boecke,oboeckeh2@goo.ne.jp,378791,958
616,Fairfax,Cleugh,fcleughh3@list-manage.com,943400,849
617,Jed,Cruickshank,jcruickshankh4@patch.com,762815,466
618,Mychal,Burwell,mburwellh5@hc360.com,388335,105
619,Ricky,Boultwood,rboultwoodh6@simplemachines.org,520551,325
620,Cirillo,Bier,cbierh7@reverbnation.com,717451,670
621,Catlaina,Jedrasik,cjedrasikh8@amazon.co.jp,404588,486
622,Freemon,Betts,fbettsh9@loc.gov,155642,587
623,Shannon,Heaford,sheafordha@guardian.co.uk,579391,178
624,Jule,Furneaux,jfurneauxhb@behance.net,540121,687
625,Esmeralda,Greetham,egreethamhc@businessweek.com,144296,391
626,Priscella,Hinrich,phinrichhd@blinklist.com,834789,918
627,Alexi,Donaghy,adonaghyhe@youku.com,148731,767
628,Renaud,Van Hove,rvanhovehf@archive.org,637591,315
629,Kacy,Philpots,kphilpotshg@multiply.com,802274,590
630,Gaby,Isbell,gisbellhh@360.cn,841118,927
631,Nicky,McGeoch,nmcgeochhi@guardian.co.uk,905054,461
632,Marijo,Basnett,mbasnetthj@nyu.edu,490427,886
633,Hersh,Avory,havoryhk@sbwire.com,939892,840
634,Garik,Pringour,gpringourhl@google.co.uk,46331,794
635,Andrey,Dwyer,adwyerhm@redcross.org,363191,732
636,Codie,Sparks,csparkshn@zimbio.com,942521,804
637,Linet,Orman,lormanho@google.it,285712,524
638,Kerstin,Pesterfield,kpesterfieldhp@cnet.com,839018,834
639,Roxane,Behrend,rbehrendhq@vk.com,295447,638
640,Kelcie,Ivankovic,kivankovichr@virginia.edu,79156,956
641,Ode,Eden,oedenhs@livejournal.com,589568,264
642,Krystal,Leguay,kleguayht@shop-pro.jp,53051,697
643,Rufe,Muldowney,rmuldowneyhu@examiner.com,845501,628
644,Miran,Reary,mrearyhv@wordpress.com,26759,414
645,Dagmar,Serck,dserckhw@pen.io,578767,436
646,Aylmer,Olivari,aolivarihx@wikimedia.org,667741,619
647,Rodi,McBryde,rmcbrydehy@theglobeandmail.com,880319,445
648,Vidovic,Halpeine,vhalpeinehz@globo.com,681723,508
649,Bridie,Midgley,bmidgleyi0@hatena.ne.jp,883608,360
650,Barbie,Fauning,bfauningi1@google.com,929125,601
651,Alexis,Necolds,anecoldsi2@odnoklassniki.ru,163393,389
652,Pepe,Jaslem,pjaslemi3@hhs.gov,375572,570
653,Jaquelin,Forsey,jforseyi4@yahoo.com,405071,219
654,Neilla,McWilliam,nmcwilliami5@pinterest.com,680075,497
655,Aime,Scrancher,ascrancheri6@cbslocal.com,930283,458
656,Letisha,Mairs,lmairsi7@shutterfly.com,998258,498
657,Neal,Willgress,nwillgressi8@apache.org,410933,128
658,Rayna,Aleksashin,raleksashini9@csmonitor.com,640785,766
659,Kingston,Pitson,kpitsonia@drupal.org,236134,964
660,Livvy,Charon,lcharonib@wordpress.com,37641,375
661,Erik,Diver,ediveric@studiopress.com,82315,803
662,Thorpe,Twigger,ttwiggerid@cloudflare.com,778677,533
663,Pattie,Eakly,peaklyie@163.com,672029,348
664,Verina,Hadcock,vhadcockif@goo.gl,427510,582
665,Nelly,Picardo,npicardoig@networkadvertising.org,686300,254
666,Priscilla,Hammerton,phammertonih@wikia.com,43409,880
667,Kirk,Dunkley,kdunkleyii@cnn.com,444744,735
668,Jessie,Sleight,jsleightij@ted.com,94437,172
669,Harriot,Mingard,hmingardik@ucoz.com,218195,380
670,Martino,Learoyd,mlearoydil@seesaa.net,352196,986
671,Fiona,Attard,fattardim@state.tx.us,549823,200
672,Idalia,Silbermann,isilbermannin@bluehost.com,950012,514
673,Lin,Caudrelier,lcaudrelierio@twitpic.com,754112,565
674,Waylen,Manthorpe,wmanthorpeip@auda.org.au,648096,668
675,Felike,Gubbin,fgubbiniq@go.com,521712,253
676,Delmar,Wittleton,dwittletonir@examiner.com,866581,702
677,Lorant,Lodwick,llodwickis@bloomberg.com,513675,298
678,Dare,Ick,dickit@tmall.com,268011,902
679,Jermain,MacAllester,jmacallesteriu@flickr.com,109393,576
680,Em,Brien,ebrieniv@nasa.gov,821224,574
681,Barthel,Goldson,bgoldsoniw@simplemachines.org,921509,475
682,Leisha,Rockliffe,lrockliffeix@arizona.edu,484519,626
683,Frasquito,Whitta,fwhittaiy@flickr.com,286476,873
684,Ophelia,Brane,obraneiz@loc.gov,90600,312
685,Jasmine,Blaxlande,jblaxlandej0@amazon.co.uk,883027,530
686,Marcie,Guerry,mguerryj1@bing.com,122823,427
687,Joana,Elflain,jelflainj2@123-reg.co.uk,925994,163
688,Fran,Tolussi,ftolussij3@github.com,242011,958
689,Nissa,Marchment,nmarchmentj4@un.org,681474,301
690,Jon,Atkinson,jatkinsonj5@jiathis.com,184651,787
691,Feodor,Ossenna,fossennaj6@si.edu,191135,151
692,Grannie,Tytherton,gtythertonj7@cdbaby.com,620836,632
693,Ellerey,Kynson,ekynsonj8@sciencedirect.com,184532,604
694,Lexi,Brennans,lbrennansj9@nasa.gov,825812,252
695,Karlee,Slavin,kslavinja@irs.gov,427169,312
696,Lurleen,Dunguy,ldunguyjb@vistaprint.com,245399,922
697,Samuel,Comello,scomellojc@archive.org,557433,812
698,Der,Fley,dfleyjd@diigo.com,762524,976
699,Donna,Caile,dcaileje@ihg.com,906871,443
700,Jaimie,Byatt,jbyattjf@cornell.edu,714207,116
701,Reiko,Stryde,rstrydejg@sfgate.com,234514,212
702,Eduard,Mattheeuw,emattheeuwjh@reddit.com,975519,684
703,Terrell,Leopard,tleopardji@bloomberg.com,753554,445
704,Anette,Haxby,ahaxbyjj@opensource.org,659087,257
705,Burgess,Farrand,bfarrandjk@nyu.edu,609117,192
706,Conant,Szimoni,cszimonijl@fotki.com,426464,881
707,Christabella,Stannah,cstannahjm@cbsnews.com,513579,909
708,Layla,Pimm,lpimmjn@sphinn.com,540084,765
709,Ralf,Steer,rsteerjo@webs.com,518944,593
710,Rickey,Stickley,rstickleyjp@aol.com,225240,294
711,Rica,Darwen,rdarwenjq@tinyurl.com,580897,976
712,Lefty,Gurdon,lgurdonjr@unesco.org,213705,750
713,Ivory,Dunster,idunsterjs@china.com.cn,436704,781
714,Saundra,Catteroll,scatterolljt@sogou.com,267947,982
715,Nickie,Bresson,nbressonju@ebay.co.uk,370048,752
716,Germain,Olek,golekjv@nytimes.com,229113,224
717,Ardra,Nussii,anussiijw@pcworld.com,279482,225
718,Pebrook,Habbal,phabbaljx@google.it,929449,385
719,Dorene,Swate,dswatejy@mail.ru,273992,168
720,Benyamin,Fielder,bfielderjz@live.com,570958,217
721,Kettie,Sprigg,kspriggk0@posterous.com,380483,581
722,Charlena,Bushnell,cbushnellk1@yandex.ru,106684,487
723,Isobel,Alti,ialtik2@parallels.com,462541,284
724,Babbie,Bruty,bbrutyk3@php.net,247263,995
725,Adore,Afonso,aafonsok4@alexa.com,42230,347
726,Wilden,Golagley,wgolagleyk5@stumbleupon.com,557567,575
727,Kaiser,Brawson,kbrawsonk6@illinois.edu,252389,768
728,Tommy,Balaisot,tbalaisotk7@netscape.com,923408,398
729,Herta,McIntosh,hmcintoshk8@oracle.com,249908,225
730,Zacherie,Western,zwesternk9@zdnet.com,559842,663
731,Agnesse,Coogan,acooganka@deviantart.com,256074,867
732,Christian,Perford,cperfordkb@linkedin.com,136598,699
733,Marysa,Woolatt,mwoolattkc@shutterfly.com,641053,380
734,Elden,Hankinson,ehankinsonkd@indiegogo.com,564138,296
735,Marys,Czyz,mczyzke@posterous.com,417008,500
736,Lucais,Jendas,ljendaskf@abc.net.au,194414,103
737,Hephzibah,Ford,hfordkg@meetup.com,228578,717
738,Marchall,Quixley,mquixleykh@cpanel.net,456866,707
739,Lianne,Worthing,lworthingki@nifty.com,750163,151
740,Gillian,Bahia,gbahiakj@creativecommons.org,841383,207
741,Selinda,Kyston,skystonkk@mtv.com,299290,882
742,Pia,Thominga,pthomingakl@bloglovin.com,951367,288
743,Lee,Anfossi,lanfossikm@google.nl,382254,753
744,Christoper,Clutheram,cclutheramkn@fema.gov,729159,970
745,Marne,Heigho,mheighoko@buzzfeed.com,328354,899
746,Arlana,Gundry,agundrykp@patch.com,338127,372
747,Huntington,Brice,hbricekq@twitpic.com,439733,236
748,Martelle,Gatlin,mgatlinkr@naver.com,596194,105
749,Domenico,Doerr,ddoerrks@yandex.ru,884645,832
750,Sallyanne,Berth,sberthkt@cyberchimps.com,836243,603
751,Shamus,Sharrock,ssharrockku@ucla.edu,879798,733
752,Ebenezer,Fairnie,efairniekv@moonfruit.com,468539,543
753,Bettine,Avrasin,bavrasinkw@cargocollective.com,399821,941
754,Douglas,Pavlenkov,dpavlenkovkx@edublogs.org,481467,935
755,Say,Tille,stilleky@mac.com,494178,751
756,Robers,Maskew,rmaskewkz@cocolog-nifty.com,377222,726
757,Vinni,Blunsum,vblunsuml0@mayoclinic.com,79288,488
758,Kincaid,Jecks,kjecksl1@about.com,400988,668
759,Sharia,Tapper,stapperl2@google.cn,85190,402
760,Jay,Borchardt,jborchardtl3@desdev.cn,585625,780
761,Avrit,McPhelimy,amcphelimyl4@redcross.org,536898,796
762,Noll,Boylan,nboylanl5@columbia.edu,739793,190
763,Claudianus,I'anson,ciansonl6@hugedomains.com,715902,107
764,Beck,Fossick,bfossickl7@theguardian.com,474960,244
765,Sollie,Haycraft,shaycraftl8@oracle.com,89248,123
766,Gilles,Faichney,gfaichneyl9@mit.edu,873664,328
767,Florrie,Lafont,flafontla@springer.com,487150,909
768,Alford,Stork,astorklb@issuu.com,983873,951
769,Flor,Shoppee,fshoppeelc@i2i.jp,369343,796
770,Evey,Swatradge,eswatradgeld@shop-pro.jp,342573,654
771,Licha,Enochsson,lenochssonle@tmall.com,39507,717
772,Thorndike,Keal,tkeallf@sina.com.cn,21550,201
773,Eleanore,Roberti,erobertilg@xinhuanet.com,628312,672
774,Silas,Bramo,sbramolh@spiegel.de,629732,144
775,Simmonds,Windrass,swindrassli@mail.ru,612178,297
776,Trude,Oakwell,toakwelllj@utexas.edu,507979,512
777,Klement,Kirsopp,kkirsopplk@adobe.com,874901,383
778,Ruthanne,Siney,rsineyll@typepad.com,320018,540
779,Renado,Bilbee,rbilbeelm@engadget.com,257727,316
780,Xenos,Howitt,xhowittln@storify.com,966345,553
781,Flint,Moberley,fmoberleylo@delicious.com,655340,774
782,Kimberlyn,Spinley,kspinleylp@parallels.com,508629,646
783,Arney,Rowantree,arowantreelq@github.io,125359,985
784,Lillis,Samways,lsamwayslr@examiner.com,888720,572
785,Gwenore,Towlson,gtowlsonls@4shared.com,799467,462
786,Jen,Kobpa,jkobpalt@devhub.com,284118,443
787,Hillery,Gauld,hgauldlu@cocolog-nifty.com,388509,166
788,Helen,Grogan,hgroganlv@prlog.org,370584,170
789,Lawrence,Kerridge,lkerridgelw@nbcnews.com,229350,735
790,Aleksandr,Durtnall,adurtnalllx@flavors.me,537566,977
791,Tobye,Sighard,tsighardly@nymag.com,661029,171
792,Parke,Fink,pfinklz@amazon.com,194339,818
793,Malvin,Muneely,mmuneelym0@people.com.cn,612674,797
794,Jerrome,Hallewell,jhallewellm1@flickr.com,629817,996
795,Kermie,Pinnock,kpinnockm2@epa.gov,554853,983
796,Dukie,Rosenschein,drosenscheinm3@shareasale.com,40872,189
797,Stacy,Treffrey,streffreym4@disqus.com,710845,480
798,Elwyn,Cordy,ecordym5@homestead.com,975768,958
799,Rosene,Saylor,rsaylorm6@xing.com,401821,419
800,Kikelia,Ficken,kfickenm7@youtube.com,753853,991
801,Pierette,Renols,prenolsm8@theguardian.com,406536,603
802,Pate,Alloisi,palloisim9@bbb.org,942603,590
803,Jeramie,Fancutt,jfancuttma@aboutads.info,77789,847
804,Emilio,Belchamp,ebelchampmb@goo.gl,416575,743
805,Griswold,Simpkin,gsimpkinmc@scientificamerican.com,124206,398
806,Felipa,Stodart,fstodartmd@tinypic.com,193393,138
807,Selig,Doore,sdooreme@meetup.com,144970,731
808,Kara-lynn,Tembey,ktembeymf@fc2.com,204671,101
809,Sebastiano,Berry,sberrymg@list-manage.com,253395,388
810,Carlotta,O'Drought,codroughtmh@mit.edu,646775,867
811,Benni,Swateridge,bswateridgemi@issuu.com,934598,501
812,Hallsy,Gethin,hgethinmj@hostgator.com,818449,816
813,Geri,Aksell,gaksellmk@time.com,335772,306
814,Isabella,Peppin,ipeppinml@myspace.com,435986,345
815,Christyna,Barajas,cbarajasmm@huffingtonpost.com,462067,602
816,Carola,Gutierrez,cgutierrezmn@noaa.gov,37918,748
817,Janifer,Winteringham,jwinteringhammo@nbcnews.com,189297,208
818,Christean,Paal,cpaalmp@amazon.com,378366,915
819,Emilie,Catlette,ecatlettemq@xinhuanet.com,831877,841
820,Clerkclaude,Simner,csimnermr@loc.gov,71409,432
821,Laina,Worgan,lworganms@bluehost.com,202724,399
822,Abbey,Dennett,adennettmt@yahoo.co.jp,739174,917
823,Davey,Kyneton,dkynetonmu@nih.gov,501140,272
824,Roddy,Hulatt,rhulattmv@eventbrite.com,276272,677
825,Anthiathia,Bulter,abultermw@phpbb.com,616763,398
826,Celia,Knevit,cknevitmx@arstechnica.com,244208,879
827,Galvan,Wressell,gwressellmy@list-manage.com,688126,477
828,Belia,Legister,blegistermz@cocolog-nifty.com,112287,977
829,Alia,Carrodus,acarrodusn0@gizmodo.com,997047,744
830,Malinda,Imlach,mimlachn1@huffingtonpost.com,282522,753
831,Bernelle,Boatright,bboatrightn2@dot.gov,603302,419
832,Amble,Schulze,aschulzen3@ucla.edu,804548,828
833,Melisandra,Yesinin,myesininn4@hugedomains.com,765839,402
834,Cece,McPhelimey,cmcphelimeyn5@free.fr,333177,428
835,Debi,Westlake,dwestlaken6@columbia.edu,729948,429
836,Tabbi,McClaurie,tmcclaurien7@about.me,590574,792
837,Jarrad,Ottey,jotteyn8@theguardian.com,842677,378
838,Claudius,Wilcockes,cwilcockesn9@engadget.com,350580,369
839,Letitia,Ormesher,lormesherna@blog.com,238840,360
840,Nealy,Mecco,nmecconb@pen.io,43358,302
841,Jorge,Haddon,jhaddonnc@amazon.co.uk,761048,274
842,Enrico,Crake,ecrakend@hao123.com,868095,495
843,Josie,Allmann,jallmannne@1und1.de,178159,106
844,Polly,Jarrad,pjarradnf@google.com.br,996312,391
845,Koral,Feavers,kfeaversng@fastcompany.com,183446,380
846,Darrick,Bentzen,dbentzennh@timesonline.co.uk,734985,731
847,Orazio,Pioch,opiochni@hc360.com,760055,233
848,Perry,Daudray,pdaudraynj@arizona.edu,690001,909
849,Alfredo,Grinaugh,agrinaughnk@google.cn,169145,671
850,Gaby,Furnival,gfurnivalnl@i2i.jp,595741,461
851,Stirling,Fawcus,sfawcusnm@multiply.com,979455,533
852,Dyanna,Arlett,darlettnn@sohu.com,755365,519
853,Tyson,Klaessen,tklaessenno@fc2.com,823377,404
854,Greggory,Cowpland,gcowplandnp@toplist.cz,966387,982
855,Addia,Selliman,asellimannq@ed.gov,151943,320
856,Shannon,Chavez,schaveznr@hostgator.com,746664,999
857,Marie-ann,Rhodes,mrhodesns@usda.gov,708444,664
858,Jean,Turgoose,jturgoosent@oracle.com,617894,491
859,Staffard,Pendergast,spendergastnu@eventbrite.com,554209,988
860,Mildrid,Figgen,mfiggennv@sun.com,35163,160
861,Reginald,MacCourt,rmaccourtnw@newsvine.com,113966,983
862,Sadye,Gruby,sgrubynx@nhs.uk,784472,206
863,Travers,Brickwood,tbrickwoodny@tripod.com,664484,997
864,Lazare,Loosmore,lloosmorenz@ucla.edu,610867,517
865,Rinaldo,Pointing,rpointingo0@guardian.co.uk,967904,980
866,Fran,Dengate,fdengateo1@army.mil,908545,255
867,Raynell,Liddy,rliddyo2@mail.ru,257607,286
868,Matthaeus,Blight,mblighto3@phoca.cz,584787,346
869,Deonne,Riglesford,driglesfordo4@hugedomains.com,197563,799
870,Sydney,Ive,siveo5@paypal.com,972370,359
871,Eleonora,Vint,evinto6@umn.edu,333013,133
872,Fionna,Bartlett,fbartletto7@elpais.com,904690,345
873,Charles,Aslam,caslamo8@nydailynews.com,765236,890
874,Witty,Seelbach,wseelbacho9@hud.gov,804054,225
875,Urban,Casbolt,ucasboltoa@state.gov,563162,134
876,Cece,Favelle,cfavelleob@jimdo.com,405457,450
877,Pren,Styles,pstylesoc@tmall.com,304116,640
878,Winfred,Drysdall,wdrysdallod@imageshack.us,883793,435
879,Marthe,Forson,mforsonoe@theglobeandmail.com,350402,209
880,Ansel,Bayley,abayleyof@vkontakte.ru,136375,307
881,Gauthier,Hitzmann,ghitzmannog@xing.com,464930,646
882,Joseito,Wittey,jwitteyoh@springer.com,316004,350
883,Christy,Medgwick,cmedgwickoi@mashable.com,810601,987
884,Minnie,Thorp,mthorpoj@privacy.gov.au,449238,466
885,Chen,Vela,cvelaok@ucla.edu,106740,242
886,Claudine,Woodruff,cwoodruffol@illinois.edu,144944,510
887,Sarina,Braundt,sbraundtom@live.com,231986,178
888,Toma,Dressel,tdresselon@ted.com,370067,935
889,Gustie,Dominka,gdominkaoo@xing.com,181901,102
890,Giselbert,O'Hannen,gohannenop@myspace.com,526999,623
891,Lief,Fannin,lfanninoq@yandex.ru,927398,824
892,Guthry,Loughton,gloughtonor@ted.com,377560,543
893,Richmound,Aaronsohn,raaronsohnos@chicagotribune.com,840446,589
894,Bartlet,Jedraszczyk,bjedraszczykot@delicious.com,299710,778
895,Josephine,Japp,jjappou@google.co.uk,971410,564
896,Berny,Ajam,bajamov@earthlink.net,632751,734
897,Valerye,Helsdon,vhelsdonow@mtv.com,540204,311
898,Nigel,Ashby,nashbyox@answers.com,698229,520
899,Cherry,Atthowe,catthoweoy@nymag.com,370285,401
900,Conroy,Yeardsley,cyeardsleyoz@mac.com,32586,216
901,Reggie,Durbyn,rdurbynp0@ovh.net,210328,521
902,Kenny,Southerton,ksouthertonp1@businessinsider.com,858538,268
903,Raymond,Bolsteridge,rbolsteridgep2@webmd.com,360162,589
904,Micah,Goodburn,mgoodburnp3@dmoz.org,101865,504
905,Padget,Ilyunin,pilyuninp4@fc2.com,46167,507
906,Kendrick,Kindley,kkindleyp5@xinhuanet.com,670680,460
907,Clareta,Mucklestone,cmucklestonep6@army.mil,602722,377
908,Stevy,Garred,sgarredp7@wordpress.org,735185,941
909,Wileen,Minnock,wminnockp8@biblegateway.com,982642,423
910,Pace,Duplock,pduplockp9@jiathis.com,51450,558
911,Kerry,Peniman,kpenimanpa@abc.net.au,870722,182
912,Vin,Oxbie,voxbiepb@angelfire.com,505278,918
913,Donni,Geram,dgerampc@opera.com,203329,634
914,Mayor,Martyn,mmartynpd@alexa.com,580128,403
915,Evan,Cochrane,ecochranepe@opera.com,375477,279
916,Randy,Dives,rdivespf@cocolog-nifty.com,539622,177
917,Darren,McGowran,dmcgowranpg@constantcontact.com,899608,361
918,Grannie,Chafer,gchaferph@ed.gov,758577,466
919,Lilah,Skegg,lskeggpi@163.com,914705,711
920,Miriam,Burleton,mburletonpj@slate.com,382078,733
921,Maison,Scawen,mscawenpk@yandex.ru,394033,133
922,Whitney,Attew,wattewpl@weibo.com,242791,925
923,Sam,Weber,sweberpm@linkedin.com,494798,465
924,Rea,VanBrugh,rvanbrughpn@businessweek.com,136087,756
925,Glendon,Garms,ggarmspo@so-net.ne.jp,813569,984
926,Clemmie,Ridsdole,cridsdolepp@bravesites.com,827792,761
927,Lucilia,Guille,lguillepq@multiply.com,92160,273
928,Sula,Orvis,sorvispr@samsung.com,751392,828
929,Deeann,Mattaser,dmattaserps@freewebs.com,221420,566
930,Mylo,Evins,mevinspt@house.gov,602784,588
931,Sephira,Kernoghan,skernoghanpu@ted.com,681638,952
932,Laurence,Brotheridge,lbrotheridgepv@disqus.com,509408,639
933,Drew,Graalmans,dgraalmanspw@ifeng.com,877315,855
934,Rica,de Broke,rdebrokepx@constantcontact.com,54557,492
935,Mallorie,De Bell,mdebellpy@i2i.jp,267646,789
936,Kareem,Jouannot,kjouannotpz@twitter.com,824674,180
937,Dolly,Gimson,dgimsonq0@sphinn.com,625983,293
938,Ginger,Leads,gleadsq1@barnesandnoble.com,745105,131
939,Judd,Durno,jdurnoq2@qq.com,887378,386
940,Demetrius,Ribey,dribeyq3@hubpages.com,796948,658
941,Janette,Ranklin,jranklinq4@surveymonkey.com,170111,886
942,Linnell,Ranson,lransonq5@discuz.net,91643,253
943,Bonnee,Golder,bgolderq6@foxnews.com,931481,602
944,Clevey,Fantonetti,cfantonettiq7@springer.com,231701,358
945,Damara,Bazeley,dbazeleyq8@tripod.com,761272,504
946,Lenore,Clement,lclementq9@histats.com,688394,757
947,Genevra,Cromleholme,gcromleholmeqa@wsj.com,559645,822
948,Cesya,Rulten,crultenqb@sitemeter.com,215901,215
949,Aarika,Scryne,ascryneqc@dion.ne.jp,695398,282
950,Viva,Kedie,vkedieqd@jugem.jp,358675,940
951,Irv,Leadbeatter,ileadbeatterqe@psu.edu,470545,165
952,Faustina,Obray,fobrayqf@unesco.org,845821,259
953,Pattie,Bellany,pbellanyqg@businessweek.com,704272,930
954,Bartholomew,Batcheldor,bbatcheldorqh@businessinsider.com,542839,661
955,Pooh,Corrett,pcorrettqi@uol.com.br,715445,859
956,Gawen,McKie,gmckieqj@1und1.de,357903,250
957,Cosme,Paddington,cpaddingtonqk@bigcartel.com,586805,791
958,Cymbre,Reen,creenql@addtoany.com,827604,790
959,Darlleen,Startin,dstartinqm@edublogs.org,834781,763
960,Charil,Borne,cborneqn@wunderground.com,92367,719
961,Mariellen,Petigrew,mpetigrewqo@yellowbook.com,707235,195
962,Terencio,Jentzsch,tjentzschqp@g.co,928663,724
963,Lianna,Yair,lyairqq@harvard.edu,594988,515
964,Phelia,Kleiser,pkleiserqr@independent.co.uk,295078,854
965,Cindy,Gillon,cgillonqs@zimbio.com,223323,841
966,Alphard,Cannan,acannanqt@spotify.com,20228,245
967,Rochelle,Aspinall,raspinallqu@amazon.co.jp,588674,422
968,Malinda,Flagg,mflaggqv@yellowbook.com,732325,203
969,Christos,Sullivan,csullivanqw@hao123.com,339328,249
970,Ignacio,Forestel,iforestelqx@list-manage.com,194982,688
971,Gerry,Glendining,gglendiningqy@csmonitor.com,925794,352
972,Kiley,Hurrell,khurrellqz@netscape.com,269224,664
973,Berni,Guidone,bguidoner0@bigcartel.com,815289,884
974,Megan,Wannes,mwannesr1@instagram.com,38466,244
975,Eirena,Burdoun,eburdounr2@tinypic.com,897638,752
976,Tailor,Dealy,tdealyr3@homestead.com,234335,109
977,Sterne,Vedeshkin,svedeshkinr4@linkedin.com,839617,294
978,Gav,Powlesland,gpowleslandr5@apache.org,229595,420
979,Orion,Emilien,oemilienr6@feedburner.com,104436,944
980,Ben,Pellman,bpellmanr7@pinterest.com,617416,422
981,Rosalia,Forrester,rforresterr8@multiply.com,463100,199
982,Nicolis,Wynter,nwynterr9@chronoengine.com,692143,408
983,Hilary,Elham,helhamra@geocities.jp,996446,931
984,Lucien,Hinchon,lhinchonrb@spiegel.de,286539,386
985,Lynne,Itzcovichch,litzcovichchrc@nifty.com,572446,895
986,Germaine,Toomer,gtoomerrd@ocn.ne.jp,429683,196
987,Langston,Gosse,lgossere@about.me,276891,672
988,Kellby,Bools,kboolsrf@dropbox.com,224108,734
989,Gwenni,Decaze,gdecazerg@qq.com,127961,115
990,Allie,O'Heaney,aoheaneyrh@skype.com,486789,726
991,Rici,Crangle,rcrangleri@yandex.ru,235186,363
992,Morton,Lippi,mlippirj@imdb.com,525599,164
993,Raquela,Whetton,rwhettonrk@sun.com,214747,670
994,Maris,Elleray,mellerayrl@reuters.com,794213,206
995,Craig,Pomfrett,cpomfrettrm@google.com.hk,283374,274
996,Elga,Heppenspall,eheppenspallrn@time.com,596506,123
997,Tressa,Cordet,tcordetro@craigslist.org,761242,807
998,Daffie,Wedderburn,dwedderburnrp@arstechnica.com,611452,886
999,Haily,Tapp,htapprq@cyberchimps.com,335153,543
1000,Howard,Back,hbackrr@reference.com,802521,818
