account_id,first_name,last_name,email,gender,points
6691022,Dexter,Blindermann,dblindermann0@php.net,Male,1913
2693222,Bambie,Million,bmillion1@dyndns.org,Female,9349
3887207,Goddard,Jobin,gjobin2@soundcloud.com,Male,8920
3234385,Jeanine,Castellone,jcastellone3@yahoo.co.jp,Female,8328
8459798,Misha,Le Leu,mleleu4@google.ru,Female,4661
4013654,Nobie,Paszak,npaszak5@nyu.edu,Male,7337
9562629,Valli,Pylkynyton,vpylkynyton6@biblegateway.com,Female,111
5744918,Melissa,Strothers,mstrothers7@engadget.com,Female,4622
4991914,Si,Guillford,sguillford8@statcounter.com,Male,930
1742790,Karl,Eck,keck9@eventbrite.com,Male,8276
9721347,Flss,Kildale,fkildalea@nbcnews.com,Female,2994
9781003,Missie,Pietranek,mpietranekb@google.es,Female,5459
3451946,Layton,Shawcroft,lshawcroftc@live.com,Male,2960
7600084,Vin,Andriveau,vandriveaud@example.com,Female,6151
9477968,Temple,Crowne,tcrownee@google.es,Male,2384
3959734,Giff,Brownscombe,gbrownscombef@fotki.com,Male,2414
3893972,Mignonne,Riediger,mriedigerg@senate.gov,Female,3920
2704155,Krishnah,Beaver,kbeaverh@technorati.com,Male,7747
1809069,Monte,January 1st,mjanuarysti@springer.com,Male,3210
2290822,Cam,Francomb,cfrancombj@unblog.fr,Male,1903
4430227,Saundra,Thorius,sthoriusk@i2i.jp,Female,2478
9665637,Kath,Covet,kcovetl@latimes.com,Female,8600
7644569,Augustine,Roberto,arobertom@google.es,Female,3102
2104743,Jedd,Francombe,jfrancomben@tumblr.com,Male,1525
6491021,Allys,Cosstick,acossticko@va.gov,Female,8843
4879526,Percy,McIlhagga,pmcilhaggap@flavors.me,Male,7844
7426874,Aimil,Baszkiewicz,abaszkiewiczq@dedecms.com,Female,7727
2878927,Rudolf,Marshland,rmarshlandr@ocn.ne.jp,Male,4829
4211761,Eolande,Marcinkowski,emarcinkowskis@slate.com,Female,5729
8749577,Ernst,Trask,etraskt@bravesites.com,Male,9033
4637984,Yvon,MacHoste,ymachosteu@skype.com,Male,2269
3352159,Arlana,Gaynsford,agaynsfordv@tripod.com,Female,2832
4399867,Corabella,Lipyeat,clipyeatw@ted.com,Female,2606
6179793,Noel,Fiennes,nfiennesx@spiegel.de,Male,3097
6046231,Angele,Oddey,aoddeyy@php.net,Female,5484
4815871,Yance,Boots,ybootsz@ftc.gov,Male,3325
1933022,Tiertza,Edgett,tedgett10@cbslocal.com,Female,8331
7404419,Shanan,Gatehouse,sgatehouse11@wired.com,Male,6215
6599533,Shurlocke,Cloney,scloney12@cnbc.com,Male,4164
5635753,Sanson,Stickel,sstickel13@usatoday.com,Male,5458
5090590,Benson,Bassingden,bbassingden14@japanpost.jp,Male,1113
2265347,Iorgos,Cressar,icressar15@pinterest.com,Male,2806
5175943,Glyn,Hutley,ghutley16@redcross.org,Male,6110
2347947,Jarib,Wooles,jwooles17@linkedin.com,Male,2354
2566326,Homer,Newdick,hnewdick18@seesaa.net,Male,2804
6073646,Rufe,Ibanez,ribanez19@biblegateway.com,Male,2189
5026007,Laney,Sandars,lsandars1a@cloudflare.com,Male,2595
1517722,Janet,Oswald,joswald1b@ameblo.jp,Female,5851
4497017,Irvin,Veighey,iveighey1c@intel.com,Male,2287
1493585,Justine,Courtney,jcourtney1d@ihg.com,Female,9322
6315582,Madelle,Wilber,mwilber1e@goo.gl,Female,8444
9174784,Dennie,Tuft,dtuft1f@gizmodo.com,Female,3242
5101359,Jard,Ferdinand,jferdinand1g@flickr.com,Male,4009
9764241,Hayward,Burrus,hburrus1h@answers.com,Male,8161
5502932,Zorina,Cluney,zcluney1i@blinklist.com,Female,7267
1674420,Mirabella,Ogbourne,mogbourne1j@mysql.com,Female,4918
6316612,Christoper,Wallis,cwallis1k@networkadvertising.org,Male,7368
9233610,Jordan,Aleksankov,jaleksankov1l@linkedin.com,Male,5124
7040274,Corrinne,Matushevitz,cmatushevitz1m@berkeley.edu,Female,4453
3752842,Chev,Smitherham,csmitherham1n@cnn.com,Male,4455
2090984,Chad,Sabate,csabate1o@scribd.com,Female,4206
8471364,Maddie,Beetham,mbeetham1p@ca.gov,Male,8832
8034734,Nobe,Fairbairn,nfairbairn1q@who.int,Male,5180
3142218,Sayers,Brookfield,sbrookfield1r@newyorker.com,Male,6613
4457563,Tuesday,Nevett,tnevett1s@over-blog.com,Female,4815
2533555,Farrell,Dollin,fdollin1t@engadget.com,Male,2952
2442511,Slade,Merrikin,smerrikin1u@sfgate.com,Male,4307
5117626,Lizabeth,Ketton,lketton1v@buzzfeed.com,Female,8796
4055251,Thelma,Rubinow,trubinow1w@statcounter.com,Female,7720
2585283,Jeannie,Munroe,jmunroe1x@slideshare.net,Female,4642
6653715,Calida,Rosone,crosone1y@utexas.edu,Female,1578
4615009,Vonni,Blakes,vblakes1z@alibaba.com,Female,2168
8245954,Ferdinanda,Patroni,fpatroni20@scribd.com,Female,2305
5770761,Eben,Yegorovnin,eyegorovnin21@seattletimes.com,Male,1763
8659532,Yuma,Manie,ymanie22@ca.gov,Male,549
8861254,Larisa,Jacqueminot,ljacqueminot23@unc.edu,Female,9032
7136043,Cecelia,Broske,cbroske24@discovery.com,Female,499
8290852,Reuven,Farrall,rfarrall25@unicef.org,Male,809
3784787,Launce,Eaglestone,leaglestone26@over-blog.com,Male,658
8499499,Xaviera,Hourstan,xhourstan27@barnesandnoble.com,Female,4769
1867405,Graehme,Rothon,grothon28@geocities.com,Male,7590
1837304,Helen-elizabeth,Ryrie,hryrie29@dailymail.co.uk,Female,6883
2544635,Link,Chaters,lchaters2a@guardian.co.uk,Male,6876
7552092,Olag,Deeves,odeeves2b@unblog.fr,Male,6972
1416954,Juliann,Scandred,jscandred2c@ycombinator.com,Female,4291
3185811,Cristen,Ranfield,cranfield2d@statcounter.com,Female,3155
8856997,Andeee,Matzel,amatzel2e@topsy.com,Female,866
3979938,Sibyl,Marris,smarris2f@studiopress.com,Female,9691
5109194,Redford,Repper,rrepper2g@apache.org,Male,4572
9430971,Adolphe,Ropartz,aropartz2h@gnu.org,Male,3874
2378046,Clemente,Coale,ccoale2i@facebook.com,Male,9899
8770522,Philbert,Stonebanks,pstonebanks2j@arizona.edu,Male,9794
3884081,Giffy,Putterill,gputterill2k@nytimes.com,Male,4578
5948920,Neall,Gobel,ngobel2l@statcounter.com,Male,9919
1581725,Lindsey,Doak,ldoak2m@arizona.edu,Male,8520
7471848,Cris,Treadway,ctreadway2n@studiopress.com,Male,4590
4654513,Ameline,Boaler,aboaler2o@a8.net,Female,4477
9931750,Vida,Collens,vcollens2p@google.ru,Female,2218
3922864,Emmet,Wattins,ewattins2q@soup.io,Male,1044
4700665,Emelina,Bettenay,ebettenay2r@naver.com,Female,1043
7033661,Burch,Bruins,bbruins2s@ca.gov,Male,7004
9556637,Otto,Cavaney,ocavaney2t@lulu.com,Male,7154
3036403,Ricard,Harmstone,rharmstone2u@oaic.gov.au,Male,1766
5651353,Vincenz,Eagle,veagle2v@nasa.gov,Male,2283
8995556,Alfy,Genicke,agenicke2w@elpais.com,Female,3086
9393113,Elroy,L'Episcopio,elepiscopio2x@buzzfeed.com,Male,3029
6932862,Udale,Alexandrescu,ualexandrescu2y@seesaa.net,Male,1276
8189512,Doralin,Tamplin,dtamplin2z@g.co,Female,9193
3510215,Xenia,Shackell,xshackell30@spotify.com,Female,6993
7898768,Doloritas,Asch,dasch31@time.com,Female,5695
8195393,Trevar,Ventura,tventura32@stanford.edu,Male,404
1133073,Shell,Brunotti,sbrunotti33@unicef.org,Female,4170
3462619,Elfie,Killbey,ekillbey34@chicagotribune.com,Female,3432
5067163,Almeda,Walcot,awalcot35@list-manage.com,Female,8603
8314097,Orton,Hovey,ohovey36@thetimes.co.uk,Male,5585
8630396,Trstram,Spark,tspark37@clickbank.net,Male,6380
1415376,Barbra,Collar,bcollar38@apache.org,Female,4453
6779242,Thorvald,Binyon,tbinyon39@msu.edu,Male,6805
8325087,Alfy,Ellerbeck,aellerbeck3a@cmu.edu,Male,5510
7507403,Falkner,Forrest,fforrest3b@histats.com,Male,805
7556870,Josey,MacNelly,jmacnelly3c@indiegogo.com,Female,2629
6888264,Theodosia,Secombe,tsecombe3d@fc2.com,Female,9674
2542825,Iver,Rene,irene3e@elegantthemes.com,Male,5260
2670508,Kimberly,Ingleton,kingleton3f@state.tx.us,Female,3189
8104766,Carlota,Willingam,cwillingam3g@macromedia.com,Female,1471
1699379,Garvey,Mandrake,gmandrake3h@sun.com,Male,4581
4760407,Erv,Dommerque,edommerque3i@seesaa.net,Male,571
9513343,Halley,Yaknov,hyaknov3j@harvard.edu,Female,8836
3680016,Orelle,Snoxell,osnoxell3k@yahoo.co.jp,Female,1640
8405177,Lauri,Kobes,lkobes3l@pen.io,Female,6628
3587257,Jarid,Fuggle,jfuggle3m@netvibes.com,Male,4986
9736298,Gerek,Disdel,gdisdel3n@google.nl,Male,2214
1984986,Niko,Abbets,nabbets3o@wufoo.com,Male,6783
3351966,Kelvin,Alexsandrowicz,kalexsandrowicz3p@fastcompany.com,Male,4785
8912852,Gaile,Wheaton,gwheaton3q@imageshack.us,Male,3815
7505447,Hart,Oloman,holoman3r@dmoz.org,Male,2165
2444450,Jonie,Senn,jsenn3s@bloomberg.com,Female,9710
7732367,Willa,Govan,wgovan3t@4shared.com,Female,9211
4029509,Yance,D'Errico,yderrico3u@paginegialle.it,Male,3848
8118813,Weber,Strut,wstrut3v@icq.com,Male,7426
1122610,Emelia,Sabatier,esabatier3w@jigsy.com,Female,1646
5832592,Elfie,Costigan,ecostigan3x@hp.com,Female,3152
4426938,Kelley,Pitsall,kpitsall3y@mtv.com,Male,6088
5474830,Olenolin,Merrisson,omerrisson3z@hugedomains.com,Male,1370
1880191,Emelia,Gowthorpe,egowthorpe40@mashable.com,Female,9406
2223332,Tera,Jerrams,tjerrams41@tiny.cc,Female,308
6069835,Idalia,Eisak,ieisak42@msn.com,Female,1903
9521405,Saleem,Hinkley,shinkley43@usatoday.com,Male,4649
3405000,Alaine,McCurlye,amccurlye44@mediafire.com,Female,6298
9177568,Jdavie,Ciccottini,jciccottini45@newsvine.com,Male,3301
4284619,Rosmunda,Regi,rregi46@usa.gov,Female,9838
4940576,Kendell,Dake,kdake47@angelfire.com,Male,4863
8316314,Skipton,Jemison,sjemison48@bandcamp.com,Male,738
8825084,Nicolle,Sellars,nsellars49@1688.com,Female,5234
9756003,Nanette,Inglesfield,ninglesfield4a@wufoo.com,Female,1165
7620624,Perice,Tranfield,ptranfield4b@yellowbook.com,Male,5293
5836373,Consalve,Shawl,cshawl4c@disqus.com,Male,7931
9730904,Elli,Jorry,ejorry4d@google.pl,Female,6324
8659631,Joseito,Dyche,jdyche4e@boston.com,Male,6642
7832424,Dani,Assaf,dassaf4f@apple.com,Male,5134
3564648,Harris,Nehls,hnehls4g@dagondesign.com,Male,9261
9677788,Annadiana,Oxborrow,aoxborrow4h@mlb.com,Female,9791
1607591,Evelyn,Peskett,epeskett4i@weibo.com,Female,6331
3944096,Henry,Boutell,hboutell4j@sogou.com,Male,2639
5029478,Alair,Shadrack,ashadrack4k@yellowbook.com,Male,6270
4461943,Seth,Kruszelnicki,skruszelnicki4l@g.co,Male,6007
1834052,Marta,Branscomb,mbranscomb4m@eventbrite.com,Female,1602
4503344,Tiff,Benedikt,tbenedikt4n@stanford.edu,Female,5589
5530670,Freddy,Capener,fcapener4o@netlog.com,Female,6093
8200543,Orsola,Rudkin,orudkin4p@hubpages.com,Female,4102
7504285,Beale,Spellard,bspellard4q@last.fm,Male,7126
6749052,Olia,Elliott,oelliott4r@ucoz.ru,Female,6899
5795403,Milt,Onians,monians4s@printfriendly.com,Male,6398
1234009,Glen,Torresi,gtorresi4t@hp.com,Male,4230
5344171,Theadora,Widdows,twiddows4u@marketwatch.com,Female,166
4728820,Gordie,Rembrant,grembrant4v@shinystat.com,Male,8240
1870536,Collie,Sharple,csharple4w@bbb.org,Female,4776
9817947,Johannes,Beurich,jbeurich4x@umich.edu,Male,5258
3097683,Sadye,Benadette,sbenadette4y@digg.com,Female,893
3564041,Ambur,Romi,aromi4z@1688.com,Female,1514
5628027,Ailbert,Piotrkowski,apiotrkowski50@bbc.co.uk,Male,1902
3654221,Kora,Iorizzi,kiorizzi51@reuters.com,Female,1826
9570752,Petey,Dilley,pdilley52@theguardian.com,Male,8598
1859446,Tammie,Kelloch,tkelloch53@alibaba.com,Female,3137
5313524,Abbey,Jacke,ajacke54@liveinternet.ru,Female,946
2704966,Tonye,Boule,tboule55@freewebs.com,Female,8143
9547855,Melody,Harraway,mharraway56@i2i.jp,Female,4098
3213071,Margery,MacConchie,mmacconchie57@example.com,Female,9949
1597656,Doreen,Malek,dmalek58@exblog.jp,Female,3230
3986828,Jermaine,Romaines,jromaines59@sphinn.com,Male,9181
8633498,Mayne,Fosserd,mfosserd5a@360.cn,Male,8769
6164473,Emmaline,Gammidge,egammidge5b@liveinternet.ru,Female,4482
9039131,Trace,Moxom,tmoxom5c@posterous.com,Male,5946
1828355,Keane,Cortes,kcortes5d@behance.net,Male,382
4055561,Alexa,Baddeley,abaddeley5e@ihg.com,Female,6845
6156022,Mellisa,Cawthorne,mcawthorne5f@umich.edu,Female,5275
3218488,Reta,Heavyside,rheavyside5g@techcrunch.com,Female,2710
1394293,Aurlie,Bonnor,abonnor5h@lycos.com,Female,6139
9624106,Berkie,McNelis,bmcnelis5i@pagesperso-orange.fr,Male,4100
4712090,Kimball,Jodrelle,kjodrelle5j@clickbank.net,Male,2322
2247851,Felicio,Racine,fracine5k@myspace.com,Male,9022
1930369,Noland,Nassy,nnassy5l@tinyurl.com,Male,1867
4440233,Vivien,Agg,vagg5m@guardian.co.uk,Female,8013
7280831,Cherin,Henkens,chenkens5n@g.co,Female,7825
9499886,Gibby,Hacker,ghacker5o@cbsnews.com,Male,1879
2097891,Cortney,Friedank,cfriedank5p@zimbio.com,Female,5676
8144075,Dalli,Hallick,dhallick5q@123-reg.co.uk,Male,2710
9151068,Sula,Aymes,saymes5r@bloglovin.com,Female,5732
3804466,Ricky,Clemintoni,rclemintoni5s@tamu.edu,Male,3721
1561500,Tera,Tabram,ttabram5t@sohu.com,Female,5231
4789657,Hayley,Conklin,hconklin5u@blogtalkradio.com,Female,1179
7073288,Alix,Sneezem,asneezem5v@t-online.de,Male,6935
4663649,Bil,Leads,bleads5w@cdc.gov,Male,3249
7341238,Randie,Avramovich,ravramovich5x@wikia.com,Male,7285
3829220,Lorant,Liveley,lliveley5y@loc.gov,Male,4989
5964819,Valaree,Eliet,veliet5z@jimdo.com,Female,9808
7486269,Sallee,Elloy,selloy60@toplist.cz,Female,3984
7788026,Weider,Cordon,wcordon61@nydailynews.com,Male,1608
4928423,Osmond,Blakebrough,oblakebrough62@multiply.com,Male,9370
3203660,Tynan,Smullen,tsmullen63@baidu.com,Male,8232
9783996,Forester,Richford,frichford64@smugmug.com,Male,9050
8563471,Rosemaria,Bunston,rbunston65@blog.com,Female,2580
6108137,Leigh,Victoria,lvictoria66@photobucket.com,Female,2698
9028077,Estella,Itzchaky,eitzchaky67@engadget.com,Female,8411
3582814,Timoteo,Atherton,tatherton68@hostgator.com,Male,7458
1810749,Simonne,Plues,splues69@mac.com,Female,1233
4152700,Jarid,Setchell,jsetchell6a@joomla.org,Male,3970
2103019,Claudianus,Challiss,cchalliss6b@cnet.com,Male,7633
2927705,Berkie,Wesker,bwesker6c@stanford.edu,Male,2643
3558908,Arden,Veldstra,aveldstra6d@freewebs.com,Female,8107
3102948,Zacherie,Arens,zarens6e@businessweek.com,Male,9052
9072090,Anallese,Driver,adriver6f@accuweather.com,Female,9497
3624576,Rosmunda,Jupe,rjupe6g@cam.ac.uk,Female,3857
3074997,Gert,Hinchcliffe,ghinchcliffe6h@telegraph.co.uk,Female,5388
8216520,Marion,Stable,mstable6i@quantcast.com,Female,3211
7109402,Marion,Cotterill,mcotterill6j@comsenz.com,Female,4382
1307539,Putnam,Maliffe,pmaliffe6k@tiny.cc,Male,9095
2116659,Stephan,Batisse,sbatisse6l@archive.org,Male,8115
8719543,Rahal,Gentile,rgentile6m@plala.or.jp,Female,3851
1832902,Ashleigh,Ivanishev,aivanishev6n@icq.com,Female,5857
6396288,Tedmund,Geist,tgeist6o@dagondesign.com,Male,5832
6462623,Lucina,McClurg,lmcclurg6p@com.com,Female,2355
5353288,Axel,McRae,amcrae6q@addtoany.com,Male,3361
3366116,Binni,McClaurie,bmcclaurie6r@g.co,Female,5247
8026377,Jandy,Adney,jadney6s@ted.com,Female,6303
9214085,Byrom,Navarijo,bnavarijo6t@weather.com,Male,7172
9162613,Bendix,Corah,bcorah6u@kickstarter.com,Male,1343
6881802,Philly,Lammerich,plammerich6v@shinystat.com,Female,4259
2442289,Ashby,Nono,anono6w@sciencedirect.com,Male,4429
7157248,Emlynn,Dwerryhouse,edwerryhouse6x@ucoz.com,Female,1793
3491270,Kip,Accum,kaccum6y@foxnews.com,Female,7969
6315704,Starla,Maslin,smaslin6z@epa.gov,Female,6158
2489815,Elana,Kedie,ekedie70@netlog.com,Female,1907
8164255,Ashlen,Hawtin,ahawtin71@icq.com,Female,3209
2270104,Vivianne,Brouncker,vbrouncker72@ucoz.ru,Female,9197
3006033,Toiboid,Kanwell,tkanwell73@nature.com,Male,3460
4753295,Danita,Whatley,dwhatley74@virginia.edu,Female,3588
7387366,Celestia,Brownsworth,cbrownsworth75@yellowpages.com,Female,3674
9203724,Osbourn,Mylchreest,omylchreest76@pcworld.com,Male,2431
8556100,Grannie,Binham,gbinham77@google.nl,Male,8767
1170293,Ilyssa,Branchflower,ibranchflower78@un.org,Female,286
5669345,Estele,Ockendon,eockendon79@intel.com,Female,8557
7767029,Jackquelin,Harriman,jharriman7a@amazon.co.uk,Female,3762
1575342,Emmerich,Lerwill,elerwill7b@arstechnica.com,Male,8699
8926788,Sybille,Creamen,screamen7c@studiopress.com,Female,7006
8957920,Tadio,Vassman,tvassman7d@whitehouse.gov,Male,6980
3284685,Jayme,Agglione,jagglione7e@archive.org,Male,2116
6585038,Fred,Cottey,fcottey7f@bravesites.com,Female,7431
9007082,Perl,Losty,plosty7g@dailymotion.com,Female,1760
8761406,Ortensia,Vaszoly,ovaszoly7h@a8.net,Female,3059
3017450,Jerome,Roan,jroan7i@github.io,Male,1684
1478478,Rafaellle,Fairrie,rfairrie7j@sohu.com,Male,1460
3597064,Shela,Chiechio,schiechio7k@china.com.cn,Female,2561
3747790,Rosabel,Hedylstone,rhedylstone7l@pen.io,Female,2759
7371239,Yvonne,Goodings,ygoodings7m@devhub.com,Female,1738
3528359,Alberto,De la Eglise,adelaeglise7n@nature.com,Male,2803
5749199,York,Vignaux,yvignaux7o@storify.com,Male,261
5490492,Karole,MacConchie,kmacconchie7p@digg.com,Female,7485
7323548,Martino,Reville,mreville7q@google.fr,Male,9425
3290872,Cynthy,Kalkhoven,ckalkhoven7r@cocolog-nifty.com,Female,839
5497962,Casandra,Gipp,cgipp7s@dyndns.org,Female,9854
4786167,Guendolen,Iannelli,giannelli7t@va.gov,Female,8563
4188142,Moise,Pllu,mpllu7u@globo.com,Male,6753
4120508,Buckie,Martschik,bmartschik7v@icq.com,Male,7373
8663769,Terrie,Austen,tausten7w@chicagotribune.com,Female,8836
2122842,Kelsy,Rollinshaw,krollinshaw7x@skyrock.com,Female,3870
1999708,Tyrone,Gussie,tgussie7y@bloomberg.com,Male,9598
3267762,Domenico,Risely,drisely7z@ucoz.ru,Male,8430
2315355,Will,Lightbourn,wlightbourn80@cloudflare.com,Male,7352
1856866,Bartholomeus,Coulston,bcoulston81@wunderground.com,Male,4076
6813182,Guinevere,Lygo,glygo82@phpbb.com,Female,3855
5350060,Yvonne,McNaughton,ymcnaughton83@behance.net,Female,7065
6626085,Lanny,McCullough,lmccullough84@auda.org.au,Male,8324
5898085,Rhys,Stive,rstive85@mapquest.com,Male,6187
4639396,Kevan,Morland,kmorland86@amazon.com,Male,4050
4343256,Thayne,Niccols,tniccols87@delicious.com,Male,538
6170658,Laurette,Zarfat,lzarfat88@boston.com,Female,7380
7360180,Billy,Acey,bacey89@telegraph.co.uk,Male,1688
5774846,Alexandra,Perico,aperico8a@nymag.com,Female,5261
3731866,Meghan,Guilfoyle,mguilfoyle8b@telegraph.co.uk,Female,4108
3009705,Dolf,Buterton,dbuterton8c@ucoz.ru,Male,1371
4632285,Merilyn,Laxen,mlaxen8d@over-blog.com,Female,7680
4679893,Jessika,Sperry,jsperry8e@icio.us,Female,5895
5775184,Packston,Snibson,psnibson8f@newyorker.com,Male,5448
7341735,Raf,Ivachyov,rivachyov8g@miitbeian.gov.cn,Female,5594
8146617,Thoma,MacGilrewy,tmacgilrewy8h@dropbox.com,Male,8617
8676122,Helga,Donaway,hdonaway8i@usnews.com,Female,5734
3869830,Efren,Childerhouse,echilderhouse8j@nhs.uk,Male,2208
4844389,Collin,Mc Menamin,cmcmenamin8k@cmu.edu,Male,7191
8941646,Obidiah,Kaas,okaas8l@infoseek.co.jp,Male,8941
5126639,Joana,Bess,jbess8m@amazon.de,Female,6371
1983494,Elbert,Kettleson,ekettleson8n@ocn.ne.jp,Male,1130
4700139,Reuben,Copperwaite,rcopperwaite8o@eventbrite.com,Male,3054
5595529,Al,Hardes,ahardes8p@state.tx.us,Male,3655
9186005,Dorian,Seger,dseger8q@netlog.com,Female,1825
9263666,Juditha,Suarez,jsuarez8r@walmart.com,Female,9238
2356606,Raynor,Dunbabin,rdunbabin8s@linkedin.com,Male,6991
5228668,Adair,Cheake,acheake8t@soup.io,Male,5245
3767438,Quillan,Fendlow,qfendlow8u@networksolutions.com,Male,1935
3391096,Raleigh,Cohn,rcohn8v@prlog.org,Male,9434
9880818,Roderick,Vesty,rvesty8w@webmd.com,Male,9350
6996699,Devlin,Took,dtook8x@icio.us,Male,2985
1243048,Sean,Worsnop,sworsnop8y@apache.org,Female,6505
3014220,Dill,Ericssen,dericssen8z@surveymonkey.com,Male,5985
3404273,Nichole,Dollen,ndollen90@free.fr,Female,7863
7236363,Josselyn,De Ortega,jdeortega91@ftc.gov,Female,8844
2352070,Joane,Moorcraft,jmoorcraft92@indiegogo.com,Female,962
5285573,Meredith,Ariss,mariss93@wsj.com,Male,3382
3275968,Ingar,Causbey,icausbey94@weebly.com,Male,813
2656100,Phoebe,Corona,pcorona95@simplemachines.org,Female,6254
5702025,Sheena,Huws,shuws96@jigsy.com,Female,6965
3206248,Jacquelin,Upshall,jupshall97@e-recht24.de,Female,550
2674642,Glenna,Kleine,gkleine98@hibu.com,Female,7736
6333647,Randy,Chamley,rchamley99@plala.or.jp,Female,1151
4995481,Rinaldo,Studman,rstudman9a@seesaa.net,Male,4532
2676004,Helli,Claris,hclaris9b@statcounter.com,Female,5871
8839745,Veriee,Piddlehinton,vpiddlehinton9c@uiuc.edu,Female,4656
1447099,Freeland,Davage,fdavage9d@mit.edu,Male,6023
9502269,Errol,Klambt,eklambt9e@google.de,Male,3357
5378426,Nanette,Eakly,neakly9f@cmu.edu,Female,8188
6205366,Addie,Pickton,apickton9g@deviantart.com,Female,3046
6957038,Lucais,Wisby,lwisby9h@wired.com,Male,1218
3575250,Waneta,Allaker,wallaker9i@t.co,Female,3526
6118109,Dolf,Stanyard,dstanyard9j@gizmodo.com,Male,7541
6638087,Othello,Kippling,okippling9k@opera.com,Male,1838
7562714,Leandra,Arundel,larundel9l@hostgator.com,Female,2717
4762391,Dareen,Handrahan,dhandrahan9m@marriott.com,Female,1785
3231332,Franciska,Westmancoat,fwestmancoat9n@gnu.org,Female,6383
4036130,Augustus,Keough,akeough9o@time.com,Male,836
7135202,Giorgi,Ibotson,gibotson9p@jimdo.com,Male,3821
6732650,Marcy,Dorning,mdorning9q@google.com.hk,Female,2679
6403071,Ricca,Stanley,rstanley9r@blogtalkradio.com,Female,4419
2347582,Charlotta,Loadman,cloadman9s@cornell.edu,Female,5950
8836391,Toiboid,Thying,tthying9t@facebook.com,Male,6460
6493015,Celestine,Keach,ckeach9u@prweb.com,Female,1392
4748035,Charleen,Blissitt,cblissitt9v@adobe.com,Female,1597
4258386,Clayborne,Chumley,cchumley9w@about.me,Male,3162
7547945,Godfrey,Cronchey,gcronchey9x@lulu.com,Male,8236
6358732,Cassie,Tedder,ctedder9y@about.me,Female,5388
9070848,Cloe,Habble,chabble9z@noaa.gov,Female,5598
8084768,Elizabeth,Coggell,ecoggella0@europa.eu,Female,7007
1586913,Scottie,Lyston,slystona1@webnode.com,Male,3418
6728227,Prudence,Clubbe,pclubbea2@techcrunch.com,Female,1212
4951321,Harman,Mee,hmeea3@addthis.com,Male,6827
5218793,Geoffry,Flintuff,gflintuffa4@biglobe.ne.jp,Male,6168
6479598,Britt,Cotherill,bcotherilla5@chron.com,Male,958
4288013,Maribel,Scola,mscolaa6@constantcontact.com,Female,3007
6819999,Ansell,Toffanelli,atoffanellia7@timesonline.co.uk,Male,8114
2492858,Curr,Surgeon,csurgeona8@aol.com,Male,4231
1586580,Sallie,Brosnan,sbrosnana9@hostgator.com,Female,5915
5958415,Ashlin,Plume,aplumeaa@ucoz.ru,Male,9352
2967224,Vernor,Verrillo,vverrilloab@businessweek.com,Male,7338
9181859,Gaven,Browning,gbrowningac@woothemes.com,Male,5715
4509556,Quintus,Whate,qwhatead@geocities.com,Male,518
2176365,Annabel,Barff,abarffae@huffingtonpost.com,Female,2576
5891034,Alma,Texton,atextonaf@google.es,Female,2780
4237964,Flory,Maisey,fmaiseyag@opensource.org,Female,3776
8595128,Aili,Kearley,akearleyah@cdbaby.com,Female,8690
3499655,Becka,Paslow,bpaslowai@themeforest.net,Female,4704
4395089,Baxie,Matitiaho,bmatitiahoaj@sciencedaily.com,Male,9132
9742476,Merv,Sawtell,msawtellak@scientificamerican.com,Male,5173
8577393,Bud,Gelardi,bgelardial@blinklist.com,Male,4152
4133261,Giacobo,Culpin,gculpinam@usgs.gov,Male,3606
1915577,Margaretta,Lapere,mlaperean@indiegogo.com,Female,8489
4233830,Alvie,Bills,abillsao@columbia.edu,Male,4659
6289364,Dew,Daud,ddaudap@so-net.ne.jp,Male,502
1829399,Dian,Brundale,dbrundaleaq@earthlink.net,Female,1750
3146874,Quintana,Bendix,qbendixar@hibu.com,Female,5678
8794171,Sheffield,Cunradi,scunradias@cnbc.com,Male,3183
6526958,Maynord,Feldhorn,mfeldhornat@a8.net,Male,2027
8762957,Linc,Tokell,ltokellau@sourceforge.net,Male,9325
2662635,Patrick,Jedrzejewicz,pjedrzejewiczav@wikia.com,Male,459
9559109,Eward,Rozzier,erozzieraw@geocities.jp,Male,9326
4198917,Susy,Figgures,sfigguresax@about.com,Female,3327
4340098,Deb,Sans,dsansay@studiopress.com,Female,9261
9310090,Guinna,Schechter,gschechteraz@dyndns.org,Female,7979
3055579,Bibbie,Bard,bbardb0@bloomberg.com,Female,2774
8108286,Bev,Ingliss,binglissb1@phoca.cz,Male,6791
8385366,Coral,Claibourn,cclaibournb2@sphinn.com,Female,5960
7153204,Giuseppe,Stapleton,gstapletonb3@nps.gov,Male,6849
9840379,Adolph,Winfindale,awinfindaleb4@mtv.com,Male,6852
4443347,Charissa,Layus,clayusb5@prweb.com,Female,4207
9063497,Toby,McAulay,tmcaulayb6@issuu.com,Male,235
1587574,Rycca,Perryman,rperrymanb7@dion.ne.jp,Female,5030
5823716,Tate,Selwin,tselwinb8@ustream.tv,Male,1861
7516175,Matty,Alan,malanb9@accuweather.com,Male,1182
4147253,Rem,Bruckmann,rbruckmannba@tiny.cc,Male,9732
3019734,Pammie,Holdin,pholdinbb@drupal.org,Female,4771
4458559,Doti,Spedroni,dspedronibc@amazon.de,Female,5589
2848658,Vonny,Lampke,vlampkebd@constantcontact.com,Female,7601
8645796,Nannie,Bagguley,nbagguleybe@auda.org.au,Female,886
6639748,Hirsch,Jenkin,hjenkinbf@weibo.com,Male,8490
3391571,Vincenz,Petzold,vpetzoldbg@guardian.co.uk,Male,4379
9105279,Kippy,Josefsen,kjosefsenbh@printfriendly.com,Female,4637
6587252,Maximilien,Helix,mhelixbi@webmd.com,Male,7316
8052197,Marianne,Worledge,mworledgebj@blogspot.com,Female,8027
8651992,Peyton,Dabling,pdablingbk@jimdo.com,Male,7420
3821131,Maisie,Baldinotti,mbaldinottibl@cmu.edu,Female,7904
2972601,Rodolfo,Hanstock,rhanstockbm@qq.com,Male,7934
3008134,Manuel,Scrivens,mscrivensbn@blogtalkradio.com,Male,3539
9456066,Yolande,Phuprate,yphupratebo@hostgator.com,Female,9748
7714274,Rodrique,Orbine,rorbinebp@studiopress.com,Male,4109
6447844,Gillian,Stut,gstutbq@go.com,Female,1124
5174695,Malynda,Walworche,mwalworchebr@ted.com,Female,3884
2687767,Alleen,Symondson,asymondsonbs@eepurl.com,Female,9371
7499713,Phyllis,Neely,pneelybt@bbc.co.uk,Female,4475
6279757,Billy,Wrightham,bwrighthambu@topsy.com,Male,3384
7409079,Arleta,Dixson,adixsonbv@liveinternet.ru,Female,5577
4471305,Lyndell,Lomen,llomenbw@printfriendly.com,Female,7959
4309984,Theda,Kyncl,tkynclbx@sbwire.com,Female,8397
6227557,Micah,Lowdiane,mlowdianeby@hc360.com,Male,5414
4489580,Mathe,Bartolomeotti,mbartolomeottibz@aol.com,Male,1938
6153003,Maurits,Abrahmer,mabrahmerc0@etsy.com,Male,2706
9804800,Marina,Galland,mgallandc1@auda.org.au,Female,8466
2556079,Alexio,Cutbush,acutbushc2@sakura.ne.jp,Male,9657
4552051,Ilysa,Whitemarsh,iwhitemarshc3@foxnews.com,Female,7850
1121328,Elbertine,MacGilpatrick,emacgilpatrickc4@thetimes.co.uk,Female,539
7297024,Karim,Mugleston,kmuglestonc5@chicagotribune.com,Male,1342
2114361,Lothario,Brophy,lbrophyc6@foxnews.com,Male,434
5041539,Prent,Tomczykiewicz,ptomczykiewiczc7@ed.gov,Male,3020
6057479,Winonah,Bilham,wbilhamc8@aol.com,Female,3967
9566599,Madeline,Welford,mwelfordc9@washingtonpost.com,Female,6994
9279266,Hilliard,Pigeram,hpigeramca@storify.com,Male,6273
3593891,Cynthy,Lafflina,clafflinacb@sourceforge.net,Female,5393
1417786,Bondie,D'Andrea,bdandreacc@bigcartel.com,Male,7429
6811110,Noemi,Crockett,ncrockettcd@infoseek.co.jp,Female,9704
7586455,Kelley,Reinger,kreingerce@washington.edu,Male,5567
1732769,Walt,Gartan,wgartancf@kickstarter.com,Male,9266
1402145,Fidole,Hadleigh,fhadleighcg@tmall.com,Male,235
7540305,Virgie,Stockton,vstocktonch@icio.us,Female,8083
4321981,Rutherford,Gaitone,rgaitoneci@nasa.gov,Male,5171
2267756,Shell,Janssen,sjanssencj@virginia.edu,Female,6715
4446706,Madelena,Garbott,mgarbottck@senate.gov,Female,1106
1298189,Kenny,Broadbent,kbroadbentcl@apple.com,Male,4973
5736636,Austin,Eam,aeamcm@amazonaws.com,Male,7208
9964899,Mia,Revan,mrevancn@soup.io,Female,9100
8269848,Kitti,Hattoe,khattoeco@bloglines.com,Female,5793
3942089,Baxter,Wilds,bwildscp@discuz.net,Male,8642
8697797,Karly,Duxbury,kduxburycq@123-reg.co.uk,Female,2377
8133485,Ranique,Casson,rcassoncr@unicef.org,Female,7266
2402096,Elianore,Bradman,ebradmancs@timesonline.co.uk,Female,2188
8806806,Casper,Honig,chonigct@dropbox.com,Male,601
9029588,Bran,Peirone,bpeironecu@nature.com,Male,3363
6080833,Betteann,Lauga,blaugacv@opera.com,Female,2445
4368412,Don,Mungane,dmunganecw@reverbnation.com,Male,6870
4604828,Wiatt,Felgat,wfelgatcx@abc.net.au,Male,2516
3348210,Trude,Kyne,tkynecy@seesaa.net,Female,2589
2509171,Isak,Hebron,ihebroncz@wikispaces.com,Male,701
1796565,Leelah,Lessmare,llessmared0@vkontakte.ru,Female,6716
3570104,Broddy,Pinchin,bpinchind1@latimes.com,Male,9814
4431796,Constancy,Crooke,ccrooked2@domainmarket.com,Female,9382
8398588,Manolo,Zarfat,mzarfatd3@spiegel.de,Male,1771
7605910,Gerda,Colloby,gcollobyd4@prweb.com,Female,8565
2875901,Nikita,Jaray,njarayd5@weibo.com,Male,1411
9395046,Godfry,Flucker,gfluckerd6@java.com,Male,8090
1967048,Rancell,Leeder,rleederd7@oakley.com,Male,1310
1215252,Sibyl,Lander,slanderd8@state.tx.us,Female,9464
5227126,Thaddeus,Kubach,tkubachd9@economist.com,Male,5121
3455810,Bondie,Franiak,bfraniakda@unicef.org,Male,6630
2850017,Tristam,Asplin,tasplindb@ucoz.ru,Male,4751
6785316,Sasha,Rapps,srappsdc@w3.org,Female,1745
8387063,Staci,Surmeyer,ssurmeyerdd@ameblo.jp,Female,9227
9837215,Theresita,Rey,treyde@intel.com,Female,1584
7044914,Atalanta,Miko,amikodf@ox.ac.uk,Female,7381
8331969,Joell,Merill,jmerilldg@washingtonpost.com,Female,4504
3928008,Evered,Leverett,eleverettdh@hatena.ne.jp,Male,2575
9317120,Abba,Ketcher,aketcherdi@google.co.jp,Male,7257
8096767,Justen,Fermin,jfermindj@wordpress.com,Male,7334
3262467,Jean,Demangel,jdemangeldk@earthlink.net,Male,5597
8955669,Alley,Surtees,asurteesdl@ameblo.jp,Male,5603
5756984,Lauretta,Gaishson,lgaishsondm@hugedomains.com,Female,6210
6089400,Blinnie,Penhaligon,bpenhaligondn@free.fr,Female,9481
1818065,Nanny,Blockwell,nblockwelldo@163.com,Female,8252
2917136,Brannon,Wakefield,bwakefielddp@dyndns.org,Male,3176
6328551,Conney,Knewstub,cknewstubdq@google.co.uk,Male,7179
4677317,Skipp,Guinery,sguinerydr@newyorker.com,Male,3068
9117643,Fraser,Redolfi,fredolfids@twitpic.com,Male,9556
5185653,Alvira,Mileham,amilehamdt@creativecommons.org,Female,3122
8900780,Marylou,Demoge,mdemogedu@myspace.com,Female,9603
7091785,Florie,Hehir,fhehirdv@mapy.cz,Female,3497
5130029,Marissa,Paradine,mparadinedw@guardian.co.uk,Female,1471
1602661,Tymon,Defau,tdefaudx@thetimes.co.uk,Male,6231
2808852,Noami,Whitman,nwhitmandy@skype.com,Female,1867
4483365,Cyril,Hugenin,chugenindz@craigslist.org,Male,8675
8994608,Carlita,Franssen,cfranssene0@craigslist.org,Female,8036
9155014,Cynthia,Mawditt,cmawditte1@sakura.ne.jp,Female,4816
8938736,Jasmin,Gurnee,jgurneee2@dell.com,Female,6183
7118445,Almeda,Cromley,acromleye3@list-manage.com,Female,1807
7511102,Pierce,Allot,pallote4@printfriendly.com,Male,1931
1737596,Deane,Tilsley,dtilsleye5@hubpages.com,Male,1664
1526844,Kristopher,Gerckens,kgerckense6@joomla.org,Male,2919
1626404,Colline,Orring,corringe7@samsung.com,Female,134
9944456,Kathy,Livingston,klivingstone8@deliciousdays.com,Female,9415
5167457,Lemmy,De Benedictis,ldebenedictise9@ted.com,Male,7616
4804997,Guendolen,Meanwell,gmeanwellea@mozilla.org,Female,6794
7257383,Der,Hatchman,dhatchmaneb@webeden.co.uk,Male,2280
7194023,Dagmar,Martland,dmartlandec@sphinn.com,Female,5141
3509131,Gregg,Yanez,gyanezed@whitehouse.gov,Male,3310
8339037,Liesa,Canwell,lcanwellee@cdc.gov,Female,9675
1848949,Jenica,Chasmar,jchasmaref@google.ru,Female,6619
7919008,Jasmin,Tungay,jtungayeg@ustream.tv,Female,7463
4349642,Lorry,Lafaye,llafayeeh@nih.gov,Female,5137
4036038,Gavrielle,Krikorian,gkrikorianei@4shared.com,Female,3676
2139542,Devin,Willbraham,dwillbrahamej@moonfruit.com,Male,6755
9143672,Arleen,Josselsohn,ajosselsohnek@ehow.com,Female,9061
8294886,Stillman,Fisbey,sfisbeyel@example.com,Male,1160
3390968,Francisca,Blundell,fblundellem@mapquest.com,Female,5632
7383254,Wesley,Eldritt,weldritten@nydailynews.com,Male,2418
3299766,Cassius,Potter,cpottereo@printfriendly.com,Male,2864
2567671,Lawton,Clilverd,lclilverdep@sina.com.cn,Male,4197
7226836,Skipp,Pennazzi,spennazzieq@indiegogo.com,Male,1123
8763232,Cathie,Wollen,cwollener@goo.gl,Female,6378
2558332,Desirae,Dallin,ddallines@google.com.br,Female,9712
9512711,Andrei,Fronek,afroneket@wufoo.com,Female,5335
1350062,Danica,Tennant,dtennanteu@jalbum.net,Female,6193
4068923,Lewie,Cuss,lcussev@geocities.jp,Male,725
2156624,Archibald,Gant,agantew@engadget.com,Male,5509
4812371,Vincenty,Callf,vcallfex@fastcompany.com,Male,3401
3682827,Nap,Litt,nlittey@booking.com,Male,7032
2058403,Salem,Gores,sgoresez@hud.gov,Male,5048
2689944,Eilis,Pummery,epummeryf0@nasa.gov,Female,6148
2789128,Simeon,Verrall,sverrallf1@va.gov,Male,5170
2890148,Faustine,Thrasher,fthrasherf2@dyndns.org,Female,9261
2149741,Carl,Januszewski,cjanuszewskif3@nps.gov,Male,7279
9464796,Sharyl,Wyllcocks,swyllcocksf4@imgur.com,Female,7231
1902671,Sheryl,Falcus,sfalcusf5@pbs.org,Female,8845
2537655,Nefen,Sizeland,nsizelandf6@usa.gov,Male,9189
3667026,Gun,Cleaver,gcleaverf7@nih.gov,Male,3174
7448565,Floyd,Telezhkin,ftelezhkinf8@netlog.com,Male,2394
8277394,Emmerich,Siney,esineyf9@unblog.fr,Male,3082
9600077,Petrina,Fettes,pfettesfa@cam.ac.uk,Female,3814
9009387,Bengt,Brand,bbrandfb@nydailynews.com,Male,2042
9439084,Zolly,Smewing,zsmewingfc@vinaora.com,Male,8173
1183557,Alfy,Wilkins,awilkinsfd@apple.com,Female,4894
8171070,Dominga,Biss,dbissfe@com.com,Female,3205
7302848,Abbe,Baline,abalineff@spotify.com,Male,5550
9166823,Ansley,Josiah,ajosiahfg@yolasite.com,Female,6159
8577439,Harris,Whitsey,hwhitseyfh@qq.com,Male,6685
8699085,Brenn,Sillwood,bsillwoodfi@epa.gov,Female,2611
2360882,Hort,Thrussell,hthrussellfj@senate.gov,Male,3957
5257035,Pearce,Debney,pdebneyfk@dot.gov,Male,9101
3939494,Chandler,Nassey,cnasseyfl@go.com,Male,3471
7522851,Sean,Burgon,sburgonfm@jalbum.net,Male,7610
1478954,Roman,Axelbee,raxelbeefn@alexa.com,Male,4972
6730942,Giffie,Clifford,gcliffordfo@gnu.org,Male,719
2765053,Leia,Lefwich,llefwichfp@comsenz.com,Female,4705
7336380,Garv,Shrimplin,gshrimplinfq@friendfeed.com,Male,5389
5036862,Candy,Littlejohn,clittlejohnfr@godaddy.com,Female,9596
5378393,Daloris,Jahan,djahanfs@prweb.com,Female,8808
8789717,Vivia,Ditter,vditterft@imgur.com,Female,6738
3741789,Marnia,Bains,mbainsfu@businessinsider.com,Female,9438
1962969,Mickie,Kirkwood,mkirkwoodfv@spiegel.de,Female,1396
4240264,Norris,Nortunen,nnortunenfw@youtube.com,Male,1437
5056760,Skip,Rasmus,srasmusfx@wp.com,Male,7229
6069735,Ilise,Librey,ilibreyfy@mlb.com,Female,1978
7004529,Alena,Kelly,akellyfz@instagram.com,Female,5040
3137153,Frazier,Mulkerrins,fmulkerrinsg0@devhub.com,Male,1396
1694180,Doll,Coats,dcoatsg1@ask.com,Female,6693
4638511,Conni,Gosswell,cgosswellg2@state.tx.us,Female,8447
8709637,Victor,Feaster,vfeasterg3@sun.com,Male,8419
2282920,Vito,Messager,vmessagerg4@phoca.cz,Male,533
8127213,Garrick,Bedwell,gbedwellg5@sciencedaily.com,Male,5269
5797201,Halsey,Tribell,htribellg6@vkontakte.ru,Male,9009
4896839,Jose,Woolfenden,jwoolfendeng7@spotify.com,Male,5266
8206366,Ossie,MacAdam,omacadamg8@joomla.org,Male,8569
1535703,Dulcea,Grundey,dgrundeyg9@naver.com,Female,9794
3995129,Corty,Herrero,cherreroga@paginegialle.it,Male,2143
4200140,Nye,Pestridge,npestridgegb@admin.ch,Male,3109
7829304,Jeremie,Pomeroy,jpomeroygc@smh.com.au,Male,641
2802510,Brewer,Skuce,bskucegd@friendfeed.com,Male,5025
8945167,Eldredge,Castiello,ecastielloge@123-reg.co.uk,Male,1327
5946391,Lemmy,Readwin,lreadwingf@woothemes.com,Male,467
4193337,Consolata,Gozzard,cgozzardgg@infoseek.co.jp,Female,5567
5795745,Kale,Bottell,kbottellgh@engadget.com,Male,5400
4428782,Jennee,Ivy,jivygi@odnoklassniki.ru,Female,7117
8043101,Reese,Heys,rheysgj@europa.eu,Male,1182
9262387,Ketty,Bratley,kbratleygk@sakura.ne.jp,Female,5641
6274564,Alica,Ragbourn,aragbourngl@istockphoto.com,Female,9558
5627003,Clair,Matheson,cmathesongm@hostgator.com,Male,2855
7901095,Welch,Sumbler,wsumblergn@rambler.ru,Male,2044
6120927,Elenore,Davidovic,edavidovicgo@plala.or.jp,Female,9495
9226356,Luigi,Comley,lcomleygp@wufoo.com,Male,2731
9727695,Burg,Crewther,bcrewthergq@paginegialle.it,Male,2511
6763807,Christiane,Cartin,ccartingr@hao123.com,Female,7881
4422662,Aylmar,Korbmaker,akorbmakergs@usatoday.com,Male,8929
4838041,Kyrstin,Munkley,kmunkleygt@canalblog.com,Female,7579
9136660,Dietrich,Muttitt,dmuttittgu@google.pl,Male,8836
9159875,Frederich,Jayume,fjayumegv@army.mil,Male,5741
5566240,Harvey,Squibb,hsquibbgw@apache.org,Male,5432
3534805,Ive,Kirsz,ikirszgx@hatena.ne.jp,Male,2141
7220297,Olivie,Valeri,ovalerigy@columbia.edu,Female,9516
8657835,Sully,Oats,soatsgz@netlog.com,Male,3255
4392232,Rivi,Antoinet,rantoineth0@nsw.gov.au,Female,1724
2245767,Deidre,Searsby,dsearsbyh1@jiathis.com,Female,5741
5817404,Ola,Boecke,oboeckeh2@goo.ne.jp,Female,4777
6826165,Fairfax,Cleugh,fcleughh3@list-manage.com,Male,5361
4192724,Jed,Cruickshank,jcruickshankh4@patch.com,Male,6633
7536883,Mychal,Burwell,mburwellh5@hc360.com,Male,9353
4750596,Ricky,Boultwood,rboultwoodh6@simplemachines.org,Male,6833
6710134,Cirillo,Bier,cbierh7@reverbnation.com,Male,8123
7940742,Catlaina,Jedrasik,cjedrasikh8@amazon.co.jp,Female,7172
5210782,Freemon,Betts,fbettsh9@loc.gov,Male,7596
9365047,Shannon,Heaford,sheafordha@guardian.co.uk,Male,177
7406846,Jule,Furneaux,jfurneauxhb@behance.net,Male,8986
8718940,Esmeralda,Greetham,egreethamhc@businessweek.com,Female,2565
5827292,Priscella,Hinrich,phinrichhd@blinklist.com,Female,3418
1593602,Alexi,Donaghy,adonaghyhe@youku.com,Female,6663
6713003,Renaud,Van Hove,rvanhovehf@archive.org,Male,781
2406915,Kacy,Philpots,kphilpotshg@multiply.com,Female,157
3112237,Gaby,Isbell,gisbellhh@360.cn,Female,7663
4382957,Nicky,McGeoch,nmcgeochhi@guardian.co.uk,Male,3309
2320386,Marijo,Basnett,mbasnetthj@nyu.edu,Female,3426
6237201,Hersh,Avory,havoryhk@sbwire.com,Male,7765
8655015,Garik,Pringour,gpringourhl@google.co.uk,Male,5100
8473941,Andrey,Dwyer,adwyerhm@redcross.org,Male,7073
7187259,Codie,Sparks,csparkshn@zimbio.com,Female,8145
9322506,Linet,Orman,lormanho@google.it,Female,724
8846197,Kerstin,Pesterfield,kpesterfieldhp@cnet.com,Female,5974
1114557,Roxane,Behrend,rbehrendhq@vk.com,Female,1172
7397261,Kelcie,Ivankovic,kivankovichr@virginia.edu,Female,5702
3122440,Ode,Eden,oedenhs@livejournal.com,Male,2223
9530489,Krystal,Leguay,kleguayht@shop-pro.jp,Female,5107
5902549,Rufe,Muldowney,rmuldowneyhu@examiner.com,Male,8994
8245343,Miran,Reary,mrearyhv@wordpress.com,Female,3968
2925037,Dagmar,Serck,dserckhw@pen.io,Female,4063
3223350,Aylmer,Olivari,aolivarihx@wikimedia.org,Male,7621
9606876,Rodi,McBryde,rmcbrydehy@theglobeandmail.com,Female,3522
3568099,Vidovic,Halpeine,vhalpeinehz@globo.com,Male,3602
9973087,Bridie,Midgley,bmidgleyi0@hatena.ne.jp,Female,3893
3253433,Barbie,Fauning,bfauningi1@google.com,Female,6376
7686424,Alexis,Necolds,anecoldsi2@odnoklassniki.ru,Female,6478
8246201,Pepe,Jaslem,pjaslemi3@hhs.gov,Male,9099
2295602,Jaquelin,Forsey,jforseyi4@yahoo.com,Female,5696
3704471,Neilla,McWilliam,nmcwilliami5@pinterest.com,Female,9715
3558754,Aime,Scrancher,ascrancheri6@cbslocal.com,Female,5489
7421555,Letisha,Mairs,lmairsi7@shutterfly.com,Female,8468
4412650,Neal,Willgress,nwillgressi8@apache.org,Male,6340
7053931,Rayna,Aleksashin,raleksashini9@csmonitor.com,Female,443
2249038,Kingston,Pitson,kpitsonia@drupal.org,Male,2032
3474164,Livvy,Charon,lcharonib@wordpress.com,Female,4366
3363925,Erik,Diver,ediveric@studiopress.com,Male,1705
7487778,Thorpe,Twigger,ttwiggerid@cloudflare.com,Male,5626
4942251,Pattie,Eakly,peaklyie@163.com,Female,5700
8643481,Verina,Hadcock,vhadcockif@goo.gl,Female,7910
8946423,Nelly,Picardo,npicardoig@networkadvertising.org,Female,493
8476224,Priscilla,Hammerton,phammertonih@wikia.com,Female,7743
1781815,Kirk,Dunkley,kdunkleyii@cnn.com,Male,8449
2831808,Jessie,Sleight,jsleightij@ted.com,Male,3447
3979899,Harriot,Mingard,hmingardik@ucoz.com,Female,9797
2926789,Martino,Learoyd,mlearoydil@seesaa.net,Male,3586
4912651,Fiona,Attard,fattardim@state.tx.us,Female,6560
7465490,Idalia,Silbermann,isilbermannin@bluehost.com,Female,3571
7455297,Lin,Caudrelier,lcaudrelierio@twitpic.com,Male,7932
5868367,Waylen,Manthorpe,wmanthorpeip@auda.org.au,Male,942
4575528,Felike,Gubbin,fgubbiniq@go.com,Male,1936
8969651,Delmar,Wittleton,dwittletonir@examiner.com,Male,3325
3370724,Lorant,Lodwick,llodwickis@bloomberg.com,Male,956
3220394,Dare,Ick,dickit@tmall.com,Male,8281
4011982,Jermain,MacAllester,jmacallesteriu@flickr.com,Male,9695
8414388,Em,Brien,ebrieniv@nasa.gov,Male,7212
6279295,Barthel,Goldson,bgoldsoniw@simplemachines.org,Male,7840
7038855,Leisha,Rockliffe,lrockliffeix@arizona.edu,Female,2278
9054320,Frasquito,Whitta,fwhittaiy@flickr.com,Male,5799
8973543,Ophelia,Brane,obraneiz@loc.gov,Female,9166
9837269,Jasmine,Blaxlande,jblaxlandej0@amazon.co.uk,Female,3849
5713348,Marcie,Guerry,mguerryj1@bing.com,Female,3650
9280311,Joana,Elflain,jelflainj2@123-reg.co.uk,Female,8357
2921806,Fran,Tolussi,ftolussij3@github.com,Female,6583
9302783,Nissa,Marchment,nmarchmentj4@un.org,Female,4655
8689722,Jon,Atkinson,jatkinsonj5@jiathis.com,Male,8843
4161391,Feodor,Ossenna,fossennaj6@si.edu,Male,9530
7143379,Grannie,Tytherton,gtythertonj7@cdbaby.com,Male,7143
1192680,Ellerey,Kynson,ekynsonj8@sciencedirect.com,Male,9778
5310680,Lexi,Brennans,lbrennansj9@nasa.gov,Female,5612
8518394,Karlee,Slavin,kslavinja@irs.gov,Female,8494
6930760,Lurleen,Dunguy,ldunguyjb@vistaprint.com,Female,6540
7762775,Samuel,Comello,scomellojc@archive.org,Male,5074
9728667,Der,Fley,dfleyjd@diigo.com,Male,8007
6779277,Donna,Caile,dcaileje@ihg.com,Female,8221
5029996,Jaimie,Byatt,jbyattjf@cornell.edu,Female,7116
8621518,Reiko,Stryde,rstrydejg@sfgate.com,Female,3543
3308924,Eduard,Mattheeuw,emattheeuwjh@reddit.com,Male,5654
9335283,Terrell,Leopard,tleopardji@bloomberg.com,Male,1836
1740672,Anette,Haxby,ahaxbyjj@opensource.org,Female,4595
3751922,Burgess,Farrand,bfarrandjk@nyu.edu,Male,8081
7145084,Conant,Szimoni,cszimonijl@fotki.com,Male,9326
9426997,Christabella,Stannah,cstannahjm@cbsnews.com,Female,2218
5185830,Layla,Pimm,lpimmjn@sphinn.com,Female,869
7283310,Ralf,Steer,rsteerjo@webs.com,Male,2474
7627714,Rickey,Stickley,rstickleyjp@aol.com,Male,4534
8191137,Rica,Darwen,rdarwenjq@tinyurl.com,Female,5538
7759273,Lefty,Gurdon,lgurdonjr@unesco.org,Male,6118
3154251,Ivory,Dunster,idunsterjs@china.com.cn,Female,5549
6414159,Saundra,Catteroll,scatterolljt@sogou.com,Female,9394
3003903,Nickie,Bresson,nbressonju@ebay.co.uk,Male,8428
4089304,Germain,Olek,golekjv@nytimes.com,Male,815
8593207,Ardra,Nussii,anussiijw@pcworld.com,Female,3794
3696682,Pebrook,Habbal,phabbaljx@google.it,Male,5420
6165777,Dorene,Swate,dswatejy@mail.ru,Female,7782
8525394,Benyamin,Fielder,bfielderjz@live.com,Male,6238
1630717,Kettie,Sprigg,kspriggk0@posterous.com,Female,4926
2542448,Charlena,Bushnell,cbushnellk1@yandex.ru,Female,3820
4600960,Isobel,Alti,ialtik2@parallels.com,Female,3995
8248620,Babbie,Bruty,bbrutyk3@php.net,Female,8269
1834786,Adore,Afonso,aafonsok4@alexa.com,Female,8289
3521024,Wilden,Golagley,wgolagleyk5@stumbleupon.com,Male,7975
5544969,Kaiser,Brawson,kbrawsonk6@illinois.edu,Male,1972
2541044,Tommy,Balaisot,tbalaisotk7@netscape.com,Male,1660
1600991,Herta,McIntosh,hmcintoshk8@oracle.com,Female,8273
7230687,Zacherie,Western,zwesternk9@zdnet.com,Male,2912
2349076,Agnesse,Coogan,acooganka@deviantart.com,Female,7642
9715658,Christian,Perford,cperfordkb@linkedin.com,Male,2627
2697118,Marysa,Woolatt,mwoolattkc@shutterfly.com,Female,4531
4295763,Elden,Hankinson,ehankinsonkd@indiegogo.com,Male,1244
2206231,Marys,Czyz,mczyzke@posterous.com,Female,3682
5499964,Lucais,Jendas,ljendaskf@abc.net.au,Male,138
3289024,Hephzibah,Ford,hfordkg@meetup.com,Female,1898
6769362,Marchall,Quixley,mquixleykh@cpanel.net,Male,2763
7523740,Lianne,Worthing,lworthingki@nifty.com,Female,9913
4893399,Gillian,Bahia,gbahiakj@creativecommons.org,Female,772
7422876,Selinda,Kyston,skystonkk@mtv.com,Female,6312
1831276,Pia,Thominga,pthomingakl@bloglovin.com,Female,2685
7101935,Lee,Anfossi,lanfossikm@google.nl,Male,2377
2537344,Christoper,Clutheram,cclutheramkn@fema.gov,Male,9401
8791244,Marne,Heigho,mheighoko@buzzfeed.com,Female,1102
6965058,Arlana,Gundry,agundrykp@patch.com,Female,1174
8316130,Huntington,Brice,hbricekq@twitpic.com,Male,4838
6190234,Martelle,Gatlin,mgatlinkr@naver.com,Female,3359
9564822,Domenico,Doerr,ddoerrks@yandex.ru,Male,3448
5753177,Sallyanne,Berth,sberthkt@cyberchimps.com,Female,1182
3361556,Shamus,Sharrock,ssharrockku@ucla.edu,Male,8951
5738258,Ebenezer,Fairnie,efairniekv@moonfruit.com,Male,4769
1752144,Bettine,Avrasin,bavrasinkw@cargocollective.com,Female,3463
4343066,Douglas,Pavlenkov,dpavlenkovkx@edublogs.org,Male,2752
7388673,Say,Tille,stilleky@mac.com,Male,3420
3622256,Robers,Maskew,rmaskewkz@cocolog-nifty.com,Male,4331
1833538,Vinni,Blunsum,vblunsuml0@mayoclinic.com,Female,3596
3497671,Kincaid,Jecks,kjecksl1@about.com,Male,9290
3880940,Sharia,Tapper,stapperl2@google.cn,Female,7654
4420488,Jay,Borchardt,jborchardtl3@desdev.cn,Male,7208
5388243,Avrit,McPhelimy,amcphelimyl4@redcross.org,Female,7392
7097118,Noll,Boylan,nboylanl5@columbia.edu,Male,5404
1290464,Claudianus,I'anson,ciansonl6@hugedomains.com,Male,5491
8765516,Beck,Fossick,bfossickl7@theguardian.com,Male,5434
6548086,Sollie,Haycraft,shaycraftl8@oracle.com,Male,9109
4774308,Gilles,Faichney,gfaichneyl9@mit.edu,Male,493
2781475,Florrie,Lafont,flafontla@springer.com,Female,457
3608662,Alford,Stork,astorklb@issuu.com,Male,2349
2436509,Flor,Shoppee,fshoppeelc@i2i.jp,Female,7689
3251315,Evey,Swatradge,eswatradgeld@shop-pro.jp,Female,832
7423580,Licha,Enochsson,lenochssonle@tmall.com,Female,8794
2648983,Thorndike,Keal,tkeallf@sina.com.cn,Male,6689
8594297,Eleanore,Roberti,erobertilg@xinhuanet.com,Female,8116
9099814,Silas,Bramo,sbramolh@spiegel.de,Male,3704
3881220,Simmonds,Windrass,swindrassli@mail.ru,Male,1712
1772754,Trude,Oakwell,toakwelllj@utexas.edu,Female,7796
3294862,Klement,Kirsopp,kkirsopplk@adobe.com,Male,933
5493564,Ruthanne,Siney,rsineyll@typepad.com,Female,4686
2550623,Renado,Bilbee,rbilbeelm@engadget.com,Male,6250
9328752,Xenos,Howitt,xhowittln@storify.com,Male,1410
3869060,Flint,Moberley,fmoberleylo@delicious.com,Male,6751
7668070,Kimberlyn,Spinley,kspinleylp@parallels.com,Female,4705
5042433,Arney,Rowantree,arowantreelq@github.io,Male,7179
8098684,Lillis,Samways,lsamwayslr@examiner.com,Female,3688
9108159,Gwenore,Towlson,gtowlsonls@4shared.com,Female,8340
5795615,Jen,Kobpa,jkobpalt@devhub.com,Female,1389
4471084,Hillery,Gauld,hgauldlu@cocolog-nifty.com,Male,6046
1890181,Helen,Grogan,hgroganlv@prlog.org,Female,7900
3839076,Lawrence,Kerridge,lkerridgelw@nbcnews.com,Male,7712
6851940,Aleksandr,Durtnall,adurtnalllx@flavors.me,Male,1982
8562982,Tobye,Sighard,tsighardly@nymag.com,Female,7372
5873864,Parke,Fink,pfinklz@amazon.com,Male,5971
5300440,Malvin,Muneely,mmuneelym0@people.com.cn,Male,5510
4564044,Jerrome,Hallewell,jhallewellm1@flickr.com,Male,9291
4563757,Kermie,Pinnock,kpinnockm2@epa.gov,Male,7914
9486559,Dukie,Rosenschein,drosenscheinm3@shareasale.com,Male,7588
2933389,Stacy,Treffrey,streffreym4@disqus.com,Female,7729
2253353,Elwyn,Cordy,ecordym5@homestead.com,Male,3394
1696149,Rosene,Saylor,rsaylorm6@xing.com,Female,7275
7901517,Kikelia,Ficken,kfickenm7@youtube.com,Female,427
1780833,Pierette,Renols,prenolsm8@theguardian.com,Female,9332
1808217,Pate,Alloisi,palloisim9@bbb.org,Male,9380
7349972,Jeramie,Fancutt,jfancuttma@aboutads.info,Male,9651
8323786,Emilio,Belchamp,ebelchampmb@goo.gl,Male,5395
9426845,Griswold,Simpkin,gsimpkinmc@scientificamerican.com,Male,4800
2286633,Felipa,Stodart,fstodartmd@tinypic.com,Female,9909
4742777,Selig,Doore,sdooreme@meetup.com,Male,1942
2843993,Kara-lynn,Tembey,ktembeymf@fc2.com,Female,3083
5260007,Sebastiano,Berry,sberrymg@list-manage.com,Male,2240
5684150,Carlotta,O'Drought,codroughtmh@mit.edu,Female,7360
5101492,Benni,Swateridge,bswateridgemi@issuu.com,Female,9981
8840794,Hallsy,Gethin,hgethinmj@hostgator.com,Male,4555
4848425,Geri,Aksell,gaksellmk@time.com,Male,1173
9606220,Isabella,Peppin,ipeppinml@myspace.com,Female,8235
8312141,Christyna,Barajas,cbarajasmm@huffingtonpost.com,Female,7476
7559416,Carola,Gutierrez,cgutierrezmn@noaa.gov,Female,5243
9382668,Janifer,Winteringham,jwinteringhammo@nbcnews.com,Female,4678
1522612,Christean,Paal,cpaalmp@amazon.com,Female,7358
9747597,Emilie,Catlette,ecatlettemq@xinhuanet.com,Female,8338
9974407,Clerkclaude,Simner,csimnermr@loc.gov,Male,7077
8610305,Laina,Worgan,lworganms@bluehost.com,Female,2384
2630880,Abbey,Dennett,adennettmt@yahoo.co.jp,Male,7635
3613493,Davey,Kyneton,dkynetonmu@nih.gov,Male,6913
5183108,Roddy,Hulatt,rhulattmv@eventbrite.com,Male,2803
9564981,Anthiathia,Bulter,abultermw@phpbb.com,Female,468
1810957,Celia,Knevit,cknevitmx@arstechnica.com,Female,5030
1322022,Galvan,Wressell,gwressellmy@list-manage.com,Male,8870
3955544,Belia,Legister,blegistermz@cocolog-nifty.com,Female,9135
2685281,Alia,Carrodus,acarrodusn0@gizmodo.com,Female,1053
9860349,Malinda,Imlach,mimlachn1@huffingtonpost.com,Female,5712
1275095,Bernelle,Boatright,bboatrightn2@dot.gov,Female,917
8774248,Amble,Schulze,aschulzen3@ucla.edu,Male,2700
6363798,Melisandra,Yesinin,myesininn4@hugedomains.com,Female,4721
9100632,Cece,McPhelimey,cmcphelimeyn5@free.fr,Male,9445
8882608,Debi,Westlake,dwestlaken6@columbia.edu,Female,5183
2140793,Tabbi,McClaurie,tmcclaurien7@about.me,Female,6564
1856089,Jarrad,Ottey,jotteyn8@theguardian.com,Male,1253
2915709,Claudius,Wilcockes,cwilcockesn9@engadget.com,Male,1199
2454683,Letitia,Ormesher,lormesherna@blog.com,Female,9106
2147094,Nealy,Mecco,nmecconb@pen.io,Male,6882
4365754,Jorge,Haddon,jhaddonnc@amazon.co.uk,Male,3829
9265454,Enrico,Crake,ecrakend@hao123.com,Male,6081
6655881,Josie,Allmann,jallmannne@1und1.de,Female,8332
1125539,Polly,Jarrad,pjarradnf@google.com.br,Female,4741
8840532,Koral,Feavers,kfeaversng@fastcompany.com,Female,4163
1842704,Darrick,Bentzen,dbentzennh@timesonline.co.uk,Male,9532
1560445,Orazio,Pioch,opiochni@hc360.com,Male,1756
6694913,Perry,Daudray,pdaudraynj@arizona.edu,Male,8658
2301284,Alfredo,Grinaugh,agrinaughnk@google.cn,Male,2124
8261511,Gaby,Furnival,gfurnivalnl@i2i.jp,Female,2459
6131803,Stirling,Fawcus,sfawcusnm@multiply.com,Male,5797
3624004,Dyanna,Arlett,darlettnn@sohu.com,Female,8961
5435844,Tyson,Klaessen,tklaessenno@fc2.com,Male,6372
1661590,Greggory,Cowpland,gcowplandnp@toplist.cz,Male,1134
7093964,Addia,Selliman,asellimannq@ed.gov,Female,973
1364090,Shannon,Chavez,schaveznr@hostgator.com,Male,2500
1867214,Marie-ann,Rhodes,mrhodesns@usda.gov,Female,4180
7165329,Jean,Turgoose,jturgoosent@oracle.com,Male,924
1639276,Staffard,Pendergast,spendergastnu@eventbrite.com,Male,6854
5796491,Mildrid,Figgen,mfiggennv@sun.com,Female,3833
1835123,Reginald,MacCourt,rmaccourtnw@newsvine.com,Male,8421
3687249,Sadye,Gruby,sgrubynx@nhs.uk,Female,9128
7264066,Travers,Brickwood,tbrickwoodny@tripod.com,Male,4639
5274222,Lazare,Loosmore,lloosmorenz@ucla.edu,Male,2387
3251921,Rinaldo,Pointing,rpointingo0@guardian.co.uk,Male,1581
3013987,Fran,Dengate,fdengateo1@army.mil,Male,6966
6164687,Raynell,Liddy,rliddyo2@mail.ru,Female,3027
6478385,Matthaeus,Blight,mblighto3@phoca.cz,Male,9646
8988796,Deonne,Riglesford,driglesfordo4@hugedomains.com,Female,6156
5846899,Sydney,Ive,siveo5@paypal.com,Male,3649
3028377,Eleonora,Vint,evinto6@umn.edu,Female,8190
8099808,Fionna,Bartlett,fbartletto7@elpais.com,Female,2632
7662023,Charles,Aslam,caslamo8@nydailynews.com,Male,4180
1902875,Witty,Seelbach,wseelbacho9@hud.gov,Male,9133
3515765,Urban,Casbolt,ucasboltoa@state.gov,Male,1273
1884290,Cece,Favelle,cfavelleob@jimdo.com,Male,7571
2346560,Pren,Styles,pstylesoc@tmall.com,Male,3914
3954833,Winfred,Drysdall,wdrysdallod@imageshack.us,Male,6006
2284490,Marthe,Forson,mforsonoe@theglobeandmail.com,Female,1145
8356709,Ansel,Bayley,abayleyof@vkontakte.ru,Male,8017
7326610,Gauthier,Hitzmann,ghitzmannog@xing.com,Male,6268
5696519,Joseito,Wittey,jwitteyoh@springer.com,Male,6240
7318975,Christy,Medgwick,cmedgwickoi@mashable.com,Male,9456
7230102,Minnie,Thorp,mthorpoj@privacy.gov.au,Female,111
4639780,Chen,Vela,cvelaok@ucla.edu,Male,7519
4262938,Claudine,Woodruff,cwoodruffol@illinois.edu,Female,2915
9952988,Sarina,Braundt,sbraundtom@live.com,Female,8528
3346584,Toma,Dressel,tdresselon@ted.com,Female,4256
3852932,Gustie,Dominka,gdominkaoo@xing.com,Female,9781
6709732,Giselbert,O'Hannen,gohannenop@myspace.com,Male,4428
2690827,Lief,Fannin,lfanninoq@yandex.ru,Male,6358
8032114,Guthry,Loughton,gloughtonor@ted.com,Male,9181
4784022,Richmound,Aaronsohn,raaronsohnos@chicagotribune.com,Male,6534
5343040,Bartlet,Jedraszczyk,bjedraszczykot@delicious.com,Male,1479
4892289,Josephine,Japp,jjappou@google.co.uk,Female,936
7760058,Berny,Ajam,bajamov@earthlink.net,Male,9460
9590678,Valerye,Helsdon,vhelsdonow@mtv.com,Female,826
2469784,Nigel,Ashby,nashbyox@answers.com,Male,9738
3042702,Cherry,Atthowe,catthoweoy@nymag.com,Female,4299
7440231,Conroy,Yeardsley,cyeardsleyoz@mac.com,Male,683
1331114,Reggie,Durbyn,rdurbynp0@ovh.net,Male,8850
4469180,Kenny,Southerton,ksouthertonp1@businessinsider.com,Male,6687
1532955,Raymond,Bolsteridge,rbolsteridgep2@webmd.com,Male,2100
4335469,Micah,Goodburn,mgoodburnp3@dmoz.org,Male,5473
4151712,Padget,Ilyunin,pilyuninp4@fc2.com,Male,4796
6632256,Kendrick,Kindley,kkindleyp5@xinhuanet.com,Male,8348
6681323,Clareta,Mucklestone,cmucklestonep6@army.mil,Female,5977
6263985,Stevy,Garred,sgarredp7@wordpress.org,Male,7571
9005980,Wileen,Minnock,wminnockp8@biblegateway.com,Female,7152
5198330,Pace,Duplock,pduplockp9@jiathis.com,Male,5384
7869821,Kerry,Peniman,kpenimanpa@abc.net.au,Male,8757
6906669,Vin,Oxbie,voxbiepb@angelfire.com,Female,932
1603904,Donni,Geram,dgerampc@opera.com,Female,8020
8804182,Mayor,Martyn,mmartynpd@alexa.com,Male,6693
1979138,Evan,Cochrane,ecochranepe@opera.com,Male,9173
1337189,Randy,Dives,rdivespf@cocolog-nifty.com,Female,3870
9995565,Darren,McGowran,dmcgowranpg@constantcontact.com,Male,2147
3475392,Grannie,Chafer,gchaferph@ed.gov,Male,7809
7393532,Lilah,Skegg,lskeggpi@163.com,Female,6987
2269807,Miriam,Burleton,mburletonpj@slate.com,Female,2128
7465973,Maison,Scawen,mscawenpk@yandex.ru,Male,6844
1885523,Whitney,Attew,wattewpl@weibo.com,Male,9491
1449473,Sam,Weber,sweberpm@linkedin.com,Male,5610
3276207,Rea,VanBrugh,rvanbrughpn@businessweek.com,Female,3401
9284579,Glendon,Garms,ggarmspo@so-net.ne.jp,Male,2096
9755451,Clemmie,Ridsdole,cridsdolepp@bravesites.com,Female,7375
2572402,Lucilia,Guille,lguillepq@multiply.com,Female,7180
2074949,Sula,Orvis,sorvispr@samsung.com,Female,931
4061947,Deeann,Mattaser,dmattaserps@freewebs.com,Female,7792
3973344,Mylo,Evins,mevinspt@house.gov,Male,3848
2056806,Sephira,Kernoghan,skernoghanpu@ted.com,Female,6313
9067663,Laurence,Brotheridge,lbrotheridgepv@disqus.com,Male,3186
4689405,Drew,Graalmans,dgraalmanspw@ifeng.com,Male,1674
1804584,Rica,de Broke,rdebrokepx@constantcontact.com,Female,2634
3591812,Mallorie,De Bell,mdebellpy@i2i.jp,Female,8312
6190270,Kareem,Jouannot,kjouannotpz@twitter.com,Male,8240
8841149,Dolly,Gimson,dgimsonq0@sphinn.com,Female,354
9918755,Ginger,Leads,gleadsq1@barnesandnoble.com,Male,2173
4088263,Judd,Durno,jdurnoq2@qq.com,Male,7947
2730171,Demetrius,Ribey,dribeyq3@hubpages.com,Male,1433
1140391,Janette,Ranklin,jranklinq4@surveymonkey.com,Female,8921
4516476,Linnell,Ranson,lransonq5@discuz.net,Female,1214
6724162,Bonnee,Golder,bgolderq6@foxnews.com,Female,5537
9128918,Clevey,Fantonetti,cfantonettiq7@springer.com,Male,6090
8806775,Damara,Bazeley,dbazeleyq8@tripod.com,Female,7161
2446781,Lenore,Clement,lclementq9@histats.com,Female,2073
9593925,Genevra,Cromleholme,gcromleholmeqa@wsj.com,Female,4244
3575458,Cesya,Rulten,crultenqb@sitemeter.com,Female,8596
7387123,Aarika,Scryne,ascryneqc@dion.ne.jp,Female,5091
2944574,Viva,Kedie,vkedieqd@jugem.jp,Female,7773
1398934,Irv,Leadbeatter,ileadbeatterqe@psu.edu,Male,6941
2393357,Faustina,Obray,fobrayqf@unesco.org,Female,4404
8464518,Pattie,Bellany,pbellanyqg@businessweek.com,Male,9755
9229302,Bartholomew,Batcheldor,bbatcheldorqh@businessinsider.com,Male,8711
4133814,Pooh,Corrett,pcorrettqi@uol.com.br,Male,9523
4100220,Gawen,McKie,gmckieqj@1und1.de,Male,3796
7522013,Cosme,Paddington,cpaddingtonqk@bigcartel.com,Male,7810
1130395,Cymbre,Reen,creenql@addtoany.com,Female,386
7730509,Darlleen,Startin,dstartinqm@edublogs.org,Female,7739
9141421,Charil,Borne,cborneqn@wunderground.com,Female,8704
5556074,Mariellen,Petigrew,mpetigrewqo@yellowbook.com,Female,1085
9776768,Terencio,Jentzsch,tjentzschqp@g.co,Male,2623
4465056,Lianna,Yair,lyairqq@harvard.edu,Female,2568
5188372,Phelia,Kleiser,pkleiserqr@independent.co.uk,Female,704
6121826,Cindy,Gillon,cgillonqs@zimbio.com,Female,5524
3804443,Alphard,Cannan,acannanqt@spotify.com,Male,8567
5856324,Rochelle,Aspinall,raspinallqu@amazon.co.jp,Female,6614
6433653,Malinda,Flagg,mflaggqv@yellowbook.com,Female,5653
5230991,Christos,Sullivan,csullivanqw@hao123.com,Male,9940
3574061,Ignacio,Forestel,iforestelqx@list-manage.com,Male,6916
7538452,Gerry,Glendining,gglendiningqy@csmonitor.com,Male,4457
2183318,Kiley,Hurrell,khurrellqz@netscape.com,Male,7590
9757428,Berni,Guidone,bguidoner0@bigcartel.com,Female,1136
3522730,Megan,Wannes,mwannesr1@instagram.com,Female,9648
3509592,Eirena,Burdoun,eburdounr2@tinypic.com,Female,4398
5058743,Tailor,Dealy,tdealyr3@homestead.com,Male,3957
2990427,Sterne,Vedeshkin,svedeshkinr4@linkedin.com,Male,4843
4737545,Gav,Powlesland,gpowleslandr5@apache.org,Male,7998
6836257,Orion,Emilien,oemilienr6@feedburner.com,Male,4184
1346308,Ben,Pellman,bpellmanr7@pinterest.com,Male,5647
4692288,Rosalia,Forrester,rforresterr8@multiply.com,Female,9922
5354697,Nicolis,Wynter,nwynterr9@chronoengine.com,Male,8435
2528610,Hilary,Elham,helhamra@geocities.jp,Male,3540
4141762,Lucien,Hinchon,lhinchonrb@spiegel.de,Male,4862
9468296,Lynne,Itzcovichch,litzcovichchrc@nifty.com,Female,9574
7210874,Germaine,Toomer,gtoomerrd@ocn.ne.jp,Female,5605
1500528,Langston,Gosse,lgossere@about.me,Male,5076
3085807,Kellby,Bools,kboolsrf@dropbox.com,Male,3382
3731966,Gwenni,Decaze,gdecazerg@qq.com,Female,1169
9289556,Allie,O'Heaney,aoheaneyrh@skype.com,Male,2752
2317559,Rici,Crangle,rcrangleri@yandex.ru,Female,7587
3084268,Morton,Lippi,mlippirj@imdb.com,Male,4921
4221261,Raquela,Whetton,rwhettonrk@sun.com,Female,441
9465104,Maris,Elleray,mellerayrl@reuters.com,Female,4011
5632089,Craig,Pomfrett,cpomfrettrm@google.com.hk,Male,2657
8316576,Elga,Heppenspall,eheppenspallrn@time.com,Female,9124
7395287,Tressa,Cordet,tcordetro@craigslist.org,Female,5853
4173807,Daffie,Wedderburn,dwedderburnrp@arstechnica.com,Female,5341
9753143,Haily,Tapp,htapprq@cyberchimps.com,Male,6690
2557143,Howard,Back,hbackrr@reference.com,Male,1047
